chroma_stft,spectral_centroid,spectral_bandwidth,spectral_rolloff,rmse,zero_crossing_rate,mfcc,Genre
0.450630363,3295.793673,2743.70661,6634.178537,0.20705791,0.159197811,3.533837192,Fuji
0.404948899,3098.680171,2657.159691,6268.231018,0.17118698,0.140667786,1.99705914,Fuji
0.375807495,3291.535269,2704.093204,6582.37388,0.23208347,0.154716854,2.690791191,Fuji
0.394169452,3099.266253,2576.294036,6173.725535,0.18378529,0.157640752,1.266842984,Fuji
0.408716969,3305.515165,2722.979959,6596.260651,0.22670695,0.155967765,2.11498866,Fuji
0.34945795,1648.179316,1260.149134,3102.260502,0.112838104,0.114064558,-5.226428794,Fuji
0.424442466,3652.131705,2846.031873,7100.437182,0.18198381,0.1796875,1.599143842,Fuji
0.436943211,3307.143843,2740.248742,6647.89881,0.22894458,0.164755695,3.654699689,Fuji
0.42272177,3087.440992,2739.706504,6420.560856,0.24048212,0.127937103,4.260129423,Fuji
0.464712559,3069.798462,2664.456766,6267.806687,0.21362936,0.138322655,3.905063169,Fuji
0.426230243,3337.760776,2640.239265,6550.585063,0.21722071,0.183582773,1.869820475,Fuji
0.423535936,3249.019492,2747.471599,6594.340238,0.20139684,0.148637728,2.791276098,Fuji
0.434226856,3047.20942,2704.279222,6327.301948,0.22498745,0.13027937,3.951427655,Fuji
0.397978647,3417.457441,2682.523149,6646.686619,0.19371133,0.190955779,-0.477981654,Fuji
0.467042866,3317.703795,2805.550885,6756.899009,0.18238707,0.153580404,3.232313477,Fuji
0.421806238,2827.605737,2558.586885,5890.133791,0.20406711,0.117765856,3.754208745,Fuji
0.413192924,3191.742946,2588.574064,6187.321259,0.17376272,0.173701989,0.957526772,Fuji
0.460180486,3184.663053,2767.954723,6596.842902,0.21772632,0.143807976,3.197845496,Fuji
0.370337046,3081.274919,2607.870462,6197.896175,0.15945192,0.145830991,0.716485329,Fuji
0.388182416,2970.425801,2531.843302,5952.871383,0.25838605,0.152893207,4.127507218,Fuji
0.39709331,3384.305925,2673.142506,6496.314355,0.17205924,0.183274474,0.500468386,Fuji
0.45243687,3282.909903,2739.897612,6612.653821,0.20205434,0.153053944,2.346530022,Fuji
0.392160716,3212.545577,2629.887478,6259.526578,0.16156292,0.175002966,0.73315368,Fuji
0.442915561,3084.49685,2765.115908,6490.188709,0.2190201,0.128162082,3.985616954,Fuji
0.449431931,3563.708644,2958.089404,7263.782181,0.19524959,0.166344158,2.802092385,Fuji
0.440785184,3687.068299,2939.106551,7346.322859,0.19779906,0.182914059,3.036275635,Fuji
0.436164848,3613.366801,2905.741974,7195.755748,0.205441,0.176916115,2.703262848,Fuji
0.463471356,3711.447822,2943.415724,7336.021814,0.18681222,0.191396917,2.943555418,Fuji
0.467238155,3585.754093,2938.810088,7266.122063,0.18060447,0.175747683,3.300533372,Fuji
0.444347885,3448.154403,2828.123647,6956.85491,0.20091188,0.166861954,2.62878259,Fuji
0.460032952,3584.905139,2871.721299,7164.824781,0.1824036,0.182596891,2.052447754,Fuji
0.394217391,3334.131546,2833.866288,6840.628883,0.22975661,0.145876158,3.742152496,Fuji
0.434186526,3296.676433,2855.402648,6827.18398,0.21455091,0.143092303,4.284294751,Fuji
0.433367158,3644.095404,2776.455575,7024.945024,0.19816571,0.217105612,2.510608461,Fuji
0.45565347,3320.930754,2885.770522,6911.57644,0.20820594,0.152199181,3.707994007,Fuji
0.437750153,3514.846439,2859.205925,7068.086646,0.18192868,0.180296135,2.646682078,Fuji
0.438980391,3451.725537,2837.731288,6968.664241,0.21323065,0.177851848,3.700224504,Fuji
0.37496973,3558.131232,2840.057915,7036.727225,0.22166152,0.173874387,2.70227745,Fuji
0.381337801,2637.747964,2645.122017,5756.522967,0.25923333,0.08921396,3.822639657,Fuji
0.45732468,3646.298403,2928.028606,7263.447468,0.16415286,0.195421288,2.185691282,Fuji
0.406886897,3539.214706,2906.613645,7145.995082,0.19577257,0.164584032,2.910441186,Fuji
0.435960508,3502.835292,2843.783635,7011.828877,0.2005763,0.183820131,2.698762067,Fuji
0.457848955,3431.010034,2931.495495,7087.974076,0.19951747,0.153675733,3.832494613,Fuji
0.432538987,3250.517815,2911.891869,6897.384382,0.21688011,0.128399673,4.230648695,Fuji
0.466772438,3386.806616,2884.194059,6935.685834,0.20189552,0.150364728,4.057913896,Fuji
0.385110878,2598.04629,2629.280576,5671.882444,0.25405478,0.084352759,3.32653297,Fuji
0.436213883,3571.000949,2859.558832,7116.173747,0.20177934,0.183709766,3.624162999,Fuji
0.509048307,3517.456057,2920.967593,7163.077682,0.18684642,0.18002395,4.029997611,Fuji
0.423629301,2804.99996,2325.040453,5637.887653,0.19289057,0.161944284,2.363287352,Fuji
0.420027603,2731.315937,2277.198978,5450.751858,0.22324412,0.15870285,2.943674835,Fuji
0.393308357,3193.25026,2668.21762,6363.354321,0.24779029,0.14854411,2.478949289,Fuji
0.418097557,2585.973922,2562.25092,5515.535095,0.2584974,0.08691696,4.18634914,Fuji
0.393659377,2924.074725,2787.104836,6285.746114,0.26888803,0.097907789,4.163826876,Fuji
0.374558084,3176.96981,2752.19449,6488.903327,0.22617221,0.132009318,2.060445815,Fuji
0.391117287,2702.546805,2387.28962,5685.615177,0.1924782,0.142824554,2.105658133,Fuji
0.40398839,2807.6646,2746.097263,6118.728357,0.27744433,0.091630613,4.344145837,Fuji
0.401081426,3459.507027,2826.23059,6825.476774,0.19602339,0.141941338,0.792129729,Fuji
0.407428354,2744.686059,2351.026065,5602.249718,0.19732335,0.148104477,2.64596146,Fuji
0.386117327,2735.821759,2315.45842,5558.105075,0.20147504,0.155847974,2.410075281,Fuji
0.400439901,3419.199429,2757.283734,6733.662645,0.21348083,0.156011655,1.57448339,Fuji
0.388966455,3397.138444,2739.229613,6666.412237,0.21338643,0.15403213,1.17915437,Fuji
0.390929075,3461.805801,2756.718907,6781.021682,0.21251936,0.163314528,0.584361446,Fuji
0.395995365,2563.613115,2481.28628,5300.811126,0.20913108,0.099756326,1.063498193,Fuji
0.395186103,2697.75961,2287.56659,5480.737698,0.2042969,0.153663459,2.09279359,Fuji
0.420902835,2692.064305,2600.801782,5725.100862,0.26091298,0.092383529,4.236220229,Fuji
0.391558177,2729.611897,2760.61939,6086.119698,0.27139112,0.079774709,4.338364274,Fuji
0.420334519,2850.584236,2657.007663,5995.436942,0.26876125,0.11467845,3.691465108,Fuji
0.38036642,3410.300144,2752.494667,6662.002446,0.22095388,0.154060703,1.422575646,Fuji
0.418088008,2706.377681,2393.40135,5682.207858,0.17829105,0.143281004,2.081462119,Fuji
0.397772465,2671.621429,2655.684405,5826.728219,0.2769657,0.087799344,4.438250167,Fuji
0.383380785,3469.646651,2812.18932,6915.646321,0.20211649,0.153154712,1.137998728,Fuji
0.420135638,2806.773401,2660.939963,5953.131512,0.25962564,0.101675609,3.657165356,Fuji
0.357430997,1208.280442,1224.565187,2646.457045,0.18528493,0.070189495,-2.057518609,Fuji
0.292310342,886.7403544,1009.86621,1835.285125,0.22757666,0.043301125,-2.971312046,Fuji
0.333459556,850.2796115,1008.464656,1804.353816,0.23977225,0.037979757,-1.564963816,Fuji
0.393021218,2738.775766,2118.155072,5092.353153,0.13419685,0.167446149,-3.979642732,Fuji
0.304138515,846.5724229,992.6065114,1764.766358,0.23240556,0.038264276,-2.160757733,Fuji
0.404079496,2430.704171,2053.123686,4719.912485,0.15688254,0.136143705,-1.371288324,Fuji
0.393161471,2642.753318,2251.383917,5376.626607,0.21535967,0.150941618,1.778336008,Fuji
0.333694347,866.9780117,1041.473502,1866.768613,0.1882792,0.039590715,-3.004264688,Fuji
0.298801198,767.3525518,919.9246342,1501.701843,0.22954285,0.036543702,-2.615393082,Fuji
0.38703271,2134.020644,2124.322301,4719.506667,0.11737009,0.086662034,-2.149433492,Fuji
0.291529446,728.2857943,883.9769768,1353.036947,0.23078962,0.034687253,-2.937072471,Fuji
0.412979605,2439.286919,2060.188293,4752.046899,0.14669515,0.138524324,-1.500497643,Fuji
0.416449807,2293.448136,2049.736478,4660.407561,0.120573625,0.116668108,-2.219585732,Fuji
0.34804229,1146.994452,1186.376251,2461.38914,0.19887596,0.064458701,-1.983401413,Fuji
0.408978493,2247.121106,2023.110403,4562.915262,0.12707591,0.118837913,-2.515980898,Fuji
0.319719966,884.2275522,1052.732667,1851.855469,0.18877085,0.041866839,-3.145696002,Fuji
0.404922107,2195.749059,2063.200586,4640.261493,0.1318318,0.103262471,-1.806520986,Fuji
0.300781377,755.3284969,934.7146693,1548.607901,0.2159842,0.032049332,-3.107813779,Fuji
0.336108193,875.2161556,1048.306616,1842.722299,0.21040797,0.039948655,-2.253913429,Fuji
0.332131572,821.3814831,1016.263216,1746.973313,0.2277498,0.036632644,-1.96453652,Fuji
0.422742374,2471.215523,2113.160501,4908.90106,0.1400261,0.132492291,-1.317178391,Fuji
0.311768642,815.1230732,933.0447788,1667.262285,0.2195546,0.038057258,-2.59806608,Fuji
0.306310056,817.3277331,944.9664742,1639.415261,0.21241426,0.039253229,-2.463260657,Fuji
0.336903276,788.1675641,981.4977421,1598.556158,0.19116779,0.03501503,-2.857494254,Fuji
0.385109168,1964.174406,2182.246163,4682.897985,0.13883434,0.066170663,-0.42613948,Fuji
0.377143684,2097.519101,2220.976032,4889.199163,0.12898032,0.078974202,-1.190265424,Fuji
0.348930555,933.1056696,1133.383753,2189.430454,0.21918905,0.040897639,-1.671527798,Fuji
0.358874882,2068.116716,2163.354334,4748.579148,0.1381775,0.083415865,-1.240248752,Fuji
0.378319793,2106.666729,2205.950333,4830.014268,0.13460469,0.084017004,-1.023897415,Fuji
0.373393755,2005.884569,2189.439209,4749.896966,0.13806438,0.070740162,-0.633057502,Fuji
0.365000289,2219.933636,2234.558413,4993.787795,0.11224223,0.09506884,-3.139543391,Fuji
0.324978925,1722.964592,1943.109313,3817.416569,0.12684235,0.06572596,-2.692747711,Fuji
0.359837413,1078.691594,1173.54415,2368.942146,0.20907322,0.059133408,-1.224625957,Fuji
0.35389415,2084.035956,2195.731385,4812.875228,0.12636642,0.083160712,-2.234243672,Fuji
0.369544159,1117.94993,1178.372753,2404.498494,0.18752879,0.063370113,-1.609572426,Fuji
0.291975704,1774.301407,2004.164972,4001.989049,0.119882986,0.060678322,-4.50294713,Fuji
0.351548449,1201.102904,1196.37287,2464.480044,0.17956452,0.07140459,-2.377175194,Fuji
0.340725614,1158.076303,1218.687701,2578.941283,0.17891356,0.066164832,-3.081049993,Fuji
0.339146707,1080.808054,1169.348095,2381.703654,0.18421163,0.056628972,-2.605244865,Fuji
0.370628177,2005.122231,2173.378303,4721.224063,0.1311959,0.072454876,-1.105399712,Fuji
0.356475062,2369.38093,2204.493145,4972.206202,0.098283514,0.113954172,-6.093149911,Fuji
0.388130089,1891.403581,1940.099267,4013.996824,0.14961891,0.08560293,0.879421615,Fuji
0.303155069,1729.179581,2062.704338,4020.898717,0.113873385,0.055169793,-4.399497811,Fuji
0.353338637,1993.330087,1939.143874,4112.570939,0.15453005,0.094758807,-0.166358773,Fuji
0.367983703,2097.750899,2226.301863,4875.18402,0.1305755,0.080314319,-1.38045821,Fuji
0.35006389,1063.505801,1180.19859,2323.409534,0.21279365,0.055604242,-1.661365877,Fuji
0.359223354,1967.242553,2197.711772,4705.053785,0.13735001,0.065537989,-0.894264759,Fuji
0.310789626,1759.102409,2018.029712,3969.776222,0.120453715,0.064751334,-3.659572938,Fuji
0.323695476,1253.909628,1251.210171,2777.311058,0.13212535,0.066183713,-3.329294776,Fuji
0.396241238,1277.722316,1278.243402,2663.664241,0.06595385,0.063417317,-8.02836873,Fuji
0.355974551,988.2360844,1194.910513,2302.931389,0.11583663,0.035765741,-3.464880781,Fuji
0.344232358,1220.001878,1240.709274,2550.360877,0.115407065,0.060749147,-7.132349553,Fuji
0.334510344,1338.683899,1215.921457,2856.340817,0.12568584,0.076579439,-4.878413086,Fuji
0.327175172,1284.547918,1196.353648,2641.732511,0.107003994,0.069542259,-7.535044264,Fuji
0.380767886,1567.997145,1226.64512,2944.649288,0.0910487,0.101580175,-3.886301712,Fuji
0.316325352,1331.839755,1244.523081,2775.405614,0.112517454,0.069440706,-6.497623143,Fuji
0.353163327,1096.737228,1226.07558,2425.273335,0.10363194,0.049134115,-5.60667566,Fuji
0.328684022,1343.772624,1259.522458,2894.803008,0.111894816,0.072156259,-5.820473204,Fuji
0.35178516,2870.780027,2475.462134,5962.353747,0.22735745,0.144927882,2.384282473,Fuji
0.354640221,1104.951137,1216.688138,2435.772872,0.105577506,0.047016858,-4.301968751,Fuji
0.394994685,1384.422641,1297.354402,2770.508033,0.06803825,0.078285919,-8.327664302,Fuji
0.348244717,1086.006532,1162.506672,2321.770405,0.13908212,0.052401658,-5.260329959,Fuji
0.335169371,1324.414155,1248.81531,2754.777045,0.10145179,0.070352262,-8.046795252,Fuji
0.347554274,1372.745542,1258.639065,2860.140397,0.104883574,0.077283948,-3.778038079,Fuji
0.382933445,2934.677335,2420.134879,5886.793552,0.19392195,0.154580809,1.916501427,Fuji
0.403250844,2320.768298,2281.875306,5175.66311,0.09980756,0.103350508,-3.220980436,Fuji
0.349286366,1505.601119,1195.476657,2903.150985,0.104553,0.093409635,-5.728904039,Fuji
0.36401279,2772.407521,2422.300269,5770.104247,0.21728937,0.139594968,2.544478075,Fuji
0.392766447,2845.882843,2411.568106,5777.194648,0.24043955,0.15483417,3.948630465,Fuji
0.37249165,2854.567354,2434.711055,5832.033715,0.21218027,0.148145224,2.471919175,Fuji
0.345677674,1178.332204,1217.869143,2557.541321,0.11578415,0.057468476,-5.509436306,Fuji
0.341714015,1054.898386,1151.434658,2221.309251,0.14140093,0.051572747,-5.518453463,Fuji
0.432342614,2802.130705,2300.706083,5559.149613,0.26730716,0.170756728,4.723189209,Fuji
0.325871346,1014.284946,999.5359665,2072.414882,0.19516046,0.055112141,-2.765447425,Fuji
0.349199614,1035.164209,989.8327488,2049.251433,0.11084976,0.055718816,-4.23393107,Fuji
0.383397426,1546.503758,1247.407334,3051.520725,0.095602706,0.105027087,-4.142234502,Fuji
0.336623171,985.9562476,1004.982994,2019.576527,0.109775074,0.048884405,-4.39001984,Fuji
0.364262946,978.6099244,927.7081619,1884.497614,0.11804216,0.053609245,-5.651004228,Fuji
0.299545968,959.7945731,952.4207072,1872.010022,0.20614669,0.054830784,-2.347609281,Fuji
0.333670217,1089.570609,1027.030989,2208.360635,0.1226599,0.057436801,-4.162345567,Fuji
0.32714334,834.4002201,935.8972231,1704.983073,0.1823708,0.042851924,-3.179922395,Fuji
0.342535697,839.0882788,936.199598,1757.372559,0.19573192,0.04083478,-2.512986544,Fuji
0.446614519,2820.063709,2320.533081,5611.560922,0.2541877,0.1698387,4.330261389,Fuji
0.319875821,956.9968087,986.2525591,1974.525374,0.1869434,0.05093928,-2.180550786,Fuji
0.420505639,2828.207882,2349.122928,5691.31096,0.252046,0.167326312,4.234976811,Fuji
0.386949087,2828.033229,2381.150979,5745.344292,0.21668015,0.142343382,2.790666598,Fuji
0.36061682,913.9031881,868.7589582,1726.89839,0.13625321,0.050085205,-5.109422142,Fuji
0.342456991,1037.832489,1014.09527,2124.542667,0.0993261,0.04847344,-6.038188226,Fuji
0.345425013,758.9095843,914.2062859,1583.51863,0.1782897,0.034071752,-2.542756165,Fuji
0.357171706,1013.106982,999.772084,2048.666891,0.11704379,0.051522987,-3.924882413,Fuji
0.314799942,857.6582189,898.7977775,1662.799176,0.19174978,0.047028799,-3.164838938,Fuji
0.320674795,710.1972723,840.2348265,1322.3129,0.18088482,0.037385543,-3.323890222,Fuji
0.334861609,830.6739506,930.7679332,1724.402832,0.18888417,0.040247034,-2.557378617,Fuji
0.346414917,792.4388531,920.9408956,1610.890951,0.18752559,0.038676577,-2.690439149,Fuji
0.322936173,1029.455678,927.8613764,1920.879143,0.113690555,0.062792894,-3.678993282,Fuji
0.434050988,2917.717723,2373.399049,5789.789078,0.24754342,0.167837033,3.525879516,Fuji
0.365060735,1759.252506,1220.856879,3190.703567,0.1486794,0.128632889,-3.148190827,Fuji
0.357583276,1699.118277,1214.06012,3130.809363,0.13317427,0.112312977,-4.1182632,Fuji
0.347904818,1085.341937,1175.627375,2441.553705,0.118083574,0.051971678,-3.868706787,Fuji
0.357780336,1601.911773,1216.126828,3056.402045,0.13268338,0.097392638,-3.979876039,Fuji
0.371388423,1764.953746,1264.547409,3253.502715,0.12818545,0.118500418,-4.016025112,Fuji
0.362562983,1086.05606,1191.88999,2422.285229,0.10562193,0.052127382,-3.858980455,Fuji
0.361424418,1259.478265,1168.20368,2669.774847,0.11759804,0.07396413,-3.302737105,Fuji
0.389598252,1691.839878,1245.335359,3169.765112,0.103107356,0.109601916,-5.279471823,Fuji
0.337406282,1171.059798,1174.82628,2562.619538,0.12078026,0.059587995,-4.963146161,Fuji
0.379783306,1325.093946,1233.92192,2833.695928,0.10190472,0.078405238,-3.797154449,Fuji
0.370758437,1771.677408,1200.234568,3169.193471,0.14304394,0.131484034,-3.692500877,Fuji
0.362302339,978.8391584,1137.286888,2164.719302,0.11169202,0.042692481,-3.596884779,Fuji
0.385358043,1652.759367,1236.730459,3133.611987,0.10744102,0.102711954,-5.452597674,Fuji
0.336685945,893.6796855,965.4699316,1867.748193,0.19261816,0.045639866,-2.667661002,Fuji
0.381556604,1776.0017,1208.108229,3192.230612,0.14345771,0.132302494,-3.346906565,Fuji
0.346562353,1792.132618,1194.61626,3198.10175,0.14405294,0.133063006,-3.736579568,Fuji
0.36290978,1423.941244,1214.777483,2855.911353,0.09863109,0.090922694,-3.846082909,Fuji
0.373856048,1301.322988,1195.734114,2745.202243,0.10216256,0.074354884,-3.935480186,Fuji
0.346875582,963.3223511,1116.26028,2131.110987,0.11908442,0.043600643,-3.689835115,Fuji
0.389112455,1556.121136,1218.382647,3020.158903,0.107510425,0.095443221,-4.086998807,Fuji
0.350441177,1621.991552,1236.869955,3112.302361,0.12374104,0.096065683,-4.373522831,Fuji
0.370605785,1381.046022,1192.144665,2821.922267,0.10793737,0.084980541,-3.69718074,Fuji
0.407840157,1655.93856,1245.269898,3122.596301,0.09733332,0.104554273,-4.54444641,Fuji
0.350014831,1179.060364,1176.609683,2563.44378,0.10615999,0.062259671,-4.710063027,Fuji
0.374150066,1898.859829,1997.718083,4192.625075,0.13951458,0.086945932,-0.474077353,Fuji
0.36847264,1711.98713,1176.252832,3135.586439,0.17701249,0.123934322,-4.005651814,Fuji
0.378864845,1000.393111,983.8483265,1982.257519,0.10963221,0.052971649,-5.250181363,Fuji
0.381073974,1928.770852,2058.287419,4343.522841,0.13874319,0.083819618,-0.260766754,Fuji
0.347340131,1614.562661,1112.105199,2943.269554,0.16150959,0.117070907,-3.958480796,Fuji
0.406022184,1883.22419,1989.656981,4129.239397,0.1257096,0.087601925,-0.843220571,Fuji
0.391037665,1870.481563,1986.264437,4110.859136,0.13332576,0.085007603,-0.725760625,Fuji
0.342110068,1633.85953,1103.65511,2928.866803,0.16371891,0.123996246,-3.457783515,Fuji
0.347425737,1747.223718,1101.686863,2994.953229,0.1615284,0.138547988,-4.438051113,Fuji
0.415745413,1956.691777,2016.880347,4279.201267,0.13559783,0.091405719,-0.212656262,Fuji
0.366593606,1659.325152,1162.272167,3077.460639,0.17721283,0.118417571,-4.305618776,Fuji
0.357356526,1630.540504,1087.490374,2889.220852,0.14362872,0.125464545,-3.816789788,Fuji
0.358748326,1025.507201,1004.60347,2008.090291,0.12513432,0.05601443,-4.372936243,Fuji
0.33077135,1218.967338,1184.014141,2629.051947,0.1143087,0.067486319,-4.933153913,Fuji
0.399609418,1785.146862,1167.411674,3158.49389,0.16196646,0.135959201,-4.781774132,Fuji
0.391928703,1771.153949,1879.378185,3799.495711,0.13108659,0.084070873,-0.939545454,Fuji
0.374178794,1567.32224,1157.013985,2976.491801,0.16863015,0.103806861,-3.611330077,Fuji
0.361780315,1792.749136,1882.958637,3878.668213,0.1325132,0.087045494,-1.374710604,Fuji
0.341568717,1629.817132,1101.364095,2923.422982,0.1535194,0.118545776,-4.396440275,Fuji
0.396914671,1909.58071,2016.511967,4216.552903,0.13728297,0.086159923,-0.158388655,Fuji
0.403199114,1838.949538,1905.099404,3919.720587,0.12393323,0.087791982,-0.628151545,Fuji
0.401676344,1953.133999,2014.210701,4283.10803,0.13670163,0.090990281,-0.391317642,Fuji
0.387761961,1713.068168,1843.130969,3635.396976,0.1369057,0.080559198,-0.320246077,Fuji
0.367739826,1001.959176,1002.030296,1999.88311,0.12655789,0.051038094,-4.088603227,Fuji
0.321698796,983.6677181,972.5307802,1965.728394,0.16854824,0.050137426,-3.224038907,Fuji
0.332684688,1115.156846,1022.835104,2220.462874,0.08315202,0.061751354,-7.324215645,Fuji
0.309258772,986.754391,944.4542618,1950.250907,0.19633634,0.050287555,-3.369312938,Fuji
0.331100182,1210.186581,1039.223294,2372.364098,0.09538376,0.0713453,-7.691311916,Fuji
0.368495939,1621.625306,1250.036239,3117.700195,0.13648957,0.113315937,-4.165859899,Fuji
0.358586377,1102.177747,1020.054534,2209.043034,0.1381747,0.061359957,-3.759239503,Fuji
0.33115479,1020.85648,989.2490562,2063.972639,0.16599709,0.051198797,-3.189508643,Fuji
0.350579832,1689.971982,1233.973124,3165.666554,0.13194619,0.120461465,-4.750979046,Fuji
0.340675224,1505.564221,1216.428455,2972.17037,0.13999858,0.095666914,-4.465050222,Fuji
0.36554487,1467.513912,1217.379436,2905.830959,0.10858485,0.089127147,-5.25196564,Fuji
0.364728095,1471.13116,1223.554141,2901.757921,0.118322775,0.092306762,-4.976802588,Fuji
0.336357468,1127.82728,1003.005798,2179.137098,0.128848,0.069397073,-4.522160587,Fuji
0.349509073,1461.405844,1238.158202,2925.381148,0.10140002,0.087132105,-5.784521773,Fuji
0.329227622,1274.839249,1043.04751,2475.180496,0.105319254,0.078785294,-6.846861542,Fuji
0.354593536,1594.348177,1265.005013,3087.641319,0.120050125,0.107335454,-4.883002839,Fuji
0.323836244,967.6646916,970.2530108,1951.391099,0.17293982,0.048463869,-2.894959123,Fuji
0.344034492,1206.804758,1046.739634,2401.164057,0.10217359,0.070756795,-6.503822951,Fuji
0.303630567,1071.629195,948.407894,2039.668134,0.20704591,0.058145517,-3.922300796,Fuji
0.353115475,1231.724044,1077.563283,2474.932801,0.092784144,0.069001792,-6.733201301,Fuji
0.370506806,1681.805236,1111.856134,2963.065528,0.1391656,0.129717858,-4.324475742,Fuji
0.366741233,1408.115861,1237.512505,2884.482662,0.100794986,0.080095278,-5.108367127,Fuji
0.307766271,1104.097435,956.479241,2065.718555,0.2081408,0.060365887,-4.153918792,Fuji
0.351171206,2950.07558,3035.063748,5950.11498,0.16459055,0.06512793,0.10438237,Fuji
0.337683721,941.9140404,962.1682527,1895.343406,0.172765,0.046360831,-2.795032321,Fuji
0.412802883,2922.215795,3206.809048,6124.648642,0.15143888,0.058692582,1.922293025,Fuji
0.37974844,2984.749273,3171.810269,6293.927728,0.146439,0.059121868,1.647448419,Fuji
0.440688806,2726.944812,2841.336477,6173.190352,0.22677329,0.05248125,4.483395826,Fuji
0.426537989,2787.692268,2728.785259,5879.685451,0.26753667,0.066720199,4.538594924,Fuji
0.43132088,2761.687504,3164.479654,5843.982129,0.20628843,0.052520703,4.192308129,Fuji
0.429980208,2822.610573,2803.134525,6152.866711,0.23323973,0.063541863,3.739614524,Fuji
0.45539285,2982.935115,3255.526653,6371.070378,0.1698119,0.057428294,3.536902981,Fuji
0.373645952,2744.117007,3075.03226,5620.54247,0.1726313,0.053695951,1.839157522,Fuji
0.377515461,3004.732859,3374.810795,6350.73891,0.14264919,0.053312573,1.100526303,Fuji
0.38086381,2777.146403,3204.955676,5850.620912,0.17414087,0.048661552,2.132664145,Fuji
0.361006004,1777.970929,1946.213662,3881.7459,0.33467606,0.080125837,4.589902736,Afro
0.377969501,1992.43117,2096.722739,4430.33566,0.32269332,0.091462826,4.672768138,Afro
0.397402382,1635.774033,2008.421124,3824.671882,0.2819148,0.057412102,3.929607007,Afro
0.32948747,1823.492394,1958.900665,3949.900242,0.3021919,0.081292615,3.05121818,Afro
0.440122226,2086.116938,2537.083108,4440.850086,0.1745278,0.040089157,2.11492487,Afro
0.347085377,1812.544511,1992.532656,3993.891636,0.34537613,0.078181947,4.453231854,Afro
0.401317758,1772.434336,1855.572937,3703.850338,0.31769586,0.088491215,4.552338371,Afro
0.368783921,1765.862967,1995.807555,3929.446923,0.29878578,0.072793744,4.036310131,Afro
0.318195034,1883.49414,1998.845855,4089.17903,0.29992613,0.083394513,2.140568533,Afro
0.407176429,1784.928845,1896.587757,3803.172616,0.3212963,0.08760666,4.732050226,Afro
0.377913516,1778.281944,1897.604942,3795.481413,0.3357065,0.080701809,4.470502599,Afro
0.367330652,2031.531922,2077.476341,4430.098232,0.34293574,0.096168695,4.78946318,Afro
0.365131031,1930.67352,1947.297476,4061.085384,0.36464077,0.096950871,4.526593298,Afro
0.351811325,1985.220418,2061.373794,4348.314295,0.34541905,0.093148253,4.561147901,Afro
0.389426577,1852.707595,1887.89424,3858.729985,0.31956097,0.095462199,4.628978663,Afro
0.522045514,2460.018431,2405.003784,5281.340699,0.16356479,0.067240911,4.064517119,Afro
0.375042488,1779.336362,1948.428392,3866.729545,0.3148333,0.079663066,4.368820278,Afro
0.437396848,1987.903009,1943.372997,4197.383809,0.37705877,0.107700043,5.166925462,Afro
0.366896957,1936.525589,2029.733643,4212.126626,0.33797812,0.090933611,4.646220586,Afro
0.422738662,2151.031154,2254.301874,4981.987924,0.12398622,0.092876596,-0.439290496,Afro
0.47452761,1211.649658,1863.080363,2516.666261,0.3015186,0.021147675,6.350497169,Afro
0.369668345,1862.993787,2001.881648,4093.685419,0.34268144,0.086248018,4.309205136,Afro
0.351092659,1664.578015,1945.994448,3782.563159,0.3048455,0.066653605,3.882851866,Afro
0.394383,1754.867301,2066.400307,4041.73065,0.29279602,0.067469431,4.079024226,Afro
0.419532272,1437.305255,1909.09621,2732.111385,0.34949693,0.031864171,6.160150895,Afro
0.400132468,1706.847511,2113.088546,3244.952903,0.36567596,0.039623293,6.324228685,Afro
0.408930143,1496.937782,1944.38577,2743.936573,0.34071136,0.034293633,5.940121078,Afro
0.397508787,2200.757948,2610.432388,4726.314472,0.25516564,0.042473896,3.669357229,Afro
0.432830857,1633.067246,2054.024189,3192.48459,0.34738186,0.037415052,6.202346153,Afro
0.406616252,1560.563925,2025.354365,2891.918108,0.37543872,0.035016741,6.302777857,Afro
0.472936046,1639.663169,2149.549304,3249.30118,0.30489227,0.034763836,6.304850774,Afro
0.449823188,1816.162759,2247.6055,3505.862177,0.34925544,0.040843163,6.49122669,Afro
0.435502703,1516.236837,2103.060027,2979.982659,0.31728882,0.030654418,5.46379749,Afro
0.377941753,1632.208083,2074.296948,3040.169271,0.40059912,0.037101208,6.674298603,Afro
0.380709173,1618.013365,2055.563251,2901.487571,0.4081787,0.037908125,6.466683444,Afro
0.408014689,1801.284811,2300.019424,3514.285639,0.37784076,0.038844319,6.396551874,Afro
0.395032946,2271.206277,2643.035805,4900.558546,0.2589419,0.045448531,3.507429516,Afro
0.40369858,1563.242812,2038.111007,2985.895427,0.36860883,0.034646789,6.149374617,Afro
0.407107294,1734.257599,2217.610123,3361.990195,0.34733555,0.037582391,6.052001665,Afro
0.366742944,2086.462296,2515.055902,4472.359278,0.27617046,0.041654662,3.293414129,Afro
0.411130589,1681.603427,1960.26486,3004.988368,0.3911785,0.044384365,6.36548787,Afro
0.446355793,1677.584437,2114.633474,3207.846977,0.32770497,0.037829838,6.103824394,Afro
0.455383846,1818.472172,2146.429881,3550.283822,0.314546,0.046913834,5.604720505,Afro
0.427928298,2150.737106,2578.902835,4581.569519,0.21730311,0.041773702,3.069819698,Afro
0.410639683,1653.672068,2106.964934,3172.057551,0.35710213,0.036338113,6.115261847,Afro
0.437267386,1452.847817,1998.257733,2772.582922,0.3226248,0.029950588,5.644044224,Afro
0.461939907,1739.672969,2175.244933,3360.770531,0.3436807,0.040265811,6.641843209,Afro
0.411770156,1806.183191,2192.80056,3440.720451,0.36045948,0.041049069,6.341841053,Afro
0.397423533,1360.378254,1053.607643,2619.005503,0.11733289,0.264057791,-8.774919943,Afro
0.374261038,1366.646473,1047.955332,2619.477669,0.12291758,0.265347371,-8.729184929,Afro
0.315777366,1148.538001,1047.979987,2494.287634,0.043007307,0.296334215,-12.98539377,Afro
0.388236821,1183.915613,999.1320403,2390.756027,0.108239695,0.212410533,-9.488653534,Afro
0.342324807,849.1942043,947.6951722,1906.967315,0.3705313,0.103507828,2.075073757,Afro
0.388573904,1133.978287,988.7402799,2327.234543,0.11303765,0.217440566,-9.136112676,Afro
0.334045968,878.8803253,966.8539613,1999.944082,0.31994215,0.105080322,2.096157687,Afro
0.408687154,1180.442066,1029.944136,2434.307796,0.10847478,0.218257518,-9.133189181,Afro
0.340274427,892.7878941,985.3396372,2012.054507,0.28469995,0.105988764,2.246693716,Afro
0.373591152,1386.891062,1068.568008,2679.712702,0.12779965,0.280034022,-8.767481056,Afro
0.363913825,1089.354995,987.1011532,2270.210954,0.077943094,0.210415438,-10.29802496,Afro
0.413128351,1263.280473,1103.083187,2677.921549,0.24378313,0.20440979,2.975197092,Afro
0.383767811,1009.849719,986.8593115,2184.097782,0.27516055,0.139265163,1.668209822,Afro
0.359599787,2197.132062,2597.000294,4756.051924,0.26311612,0.044805618,4.052218207,Afro
0.330639223,1986.110365,2418.582164,4154.533391,0.34021503,0.040558331,4.051955475,Afro
0.364286308,854.6062419,942.4838197,1913.356855,0.25635114,0.110515373,1.792309968,Afro
0.39496597,994.3681426,975.8803217,2139.204545,0.282838,0.136782005,1.696571726,Afro
0.35593641,799.1736421,929.1655571,1789.701258,0.28379622,0.096369521,1.967902775,Afro
0.3627298,1207.381167,1010.446581,2425.873656,0.104167365,0.214201109,-9.323681946,Afro
0.404377294,1145.973963,1020.075527,2393.472782,0.09761787,0.210748488,-9.332342218,Afro
0.291797307,1093.310172,1008.565424,2335.306623,0.06808102,0.24275032,-10.97898722,Afro
0.324677256,998.9708225,960.6328115,2190.319849,0.065532506,0.231703932,-11.37491172,Afro
0.38202012,992.8453659,984.246903,2173.941532,0.07881844,0.171439222,-10.00151681,Afro
0.323692565,2032.879682,2436.01515,4262.726653,0.34775388,0.043698888,3.976788383,Afro
0.348229748,1453.070512,1084.498584,2766.62234,0.16212277,0.272733128,-5.361511818,Afro
0.354602677,1018.506194,949.7993914,2129.292675,0.2417131,0.146345766,2.393845698,Afro
0.373109876,1288.111431,1044.020378,2556.552419,0.19908147,0.208188424,-4.420108543,Afro
0.371390495,1215.767782,1027.459422,2474.567819,0.14831294,0.186441365,-5.532496663,Afro
0.388330908,850.157128,953.2446292,1927.583452,0.29806584,0.097088068,2.153523675,Afro
0.398017321,1457.019307,1149.405354,2923.216202,0.2641527,0.26891304,2.781343873,Afro
0.310313367,1057.888359,914.8692953,2104.460685,0.25459296,0.16437542,1.869058092,Afro
0.40509843,1249.119745,1100.467174,2677.65055,0.28077987,0.192440442,3.111673396,Afro
0.363023997,952.8307729,1012.335989,2144.125811,0.29614842,0.121356896,2.269579307,Afro
0.355947649,997.4134049,918.2117344,2030.041118,0.24139115,0.147509252,2.37607985,Afro
0.328030989,1063.711333,1005.086173,2301.503057,0.16017689,0.134801715,-5.673149621,Afro
0.41577986,1408.413732,1136.562269,2848.333443,0.27638942,0.255649817,2.971370482,Afro
0.317886011,1133.662327,959.9193167,2263.090093,0.20136054,0.181305062,1.448495988,Afro
0.401515413,1528.758334,1115.006076,2883.921371,0.20479727,0.293410828,-4.656813422,Afro
0.369819627,1184.348919,1035.677736,2470.307449,0.26047376,0.191791403,2.032981076,Afro
0.379372689,1378.81076,1063.478196,2663.538896,0.21148883,0.234473695,-4.604113897,Afro
0.422780756,1573.554523,1158.809133,3053.002451,0.29634556,0.308785233,2.808967594,Afro
0.392752839,959.0899108,946.1657977,2027.551088,0.24869232,0.132519117,-2.9963204,Afro
0.363934703,1281.890201,1019.702312,2485.51363,0.20350803,0.219538522,-4.892462882,Afro
0.41982388,1489.768644,1156.372427,2962.093684,0.31247365,0.283246482,3.182306991,Afro
0.367914562,830.9465539,915.043343,1870.554671,0.2816124,0.102361788,-2.52408824,Afro
0.350232699,1079.608822,922.9990295,2110.01496,0.26112545,0.172402759,2.44886857,Afro
0.371060729,1317.01979,1041.253086,2583.042763,0.22732273,0.215057566,-3.896136879,Afro
0.415717788,1638.91641,1167.29231,3079.361979,0.16975166,0.32257487,-4.963709279,Afro
0.364594526,2216.180769,2024.157134,4479.575034,0.36969844,0.122493814,5.959785136,Afro
0.404117088,2127.400325,2242.655318,4815.602727,0.19175665,0.106133564,3.754704072,Afro
0.371617575,2074.007292,2157.134401,4710.613778,0.26245224,0.100943021,4.353464752,Afro
0.367280748,1901.596008,2012.4753,4207.115005,0.31918514,0.091787684,5.148790635,Afro
0.416487968,1913.136065,2085.133369,4408.257988,0.3119524,0.085441773,6.029519582,Afro
0.381842606,2032.103835,2245.664714,4752.282519,0.16491212,0.092551491,2.920507331,Afro
0.434681963,1808.062687,2068.122608,4108.520618,0.33570892,0.077775181,6.122597244,Afro
0.405600789,1851.399837,2075.265802,4252.357033,0.2994385,0.079478708,5.527412837,Afro
0.387735129,1084.250401,966.5391296,2206.740977,0.34117252,0.173552365,-1.928041811,Afro
0.397476865,1092.590088,976.2417336,2238.091706,0.3296711,0.176630076,-1.775537042,Afro
0.364037761,2137.9318,2194.195183,4867.58622,0.26169658,0.101960671,4.284680193,Afro
0.393766393,2020.651824,2256.960679,4757.57025,0.15633799,0.090127415,2.868501719,Afro
0.406860297,1785.747737,2064.243029,4231.97433,0.33757496,0.073823344,5.913382983,Afro
0.406787376,2117.362674,2096.290143,4672.983743,0.23629323,0.108025429,3.527631021,Afro
0.395074005,1875.894734,2091.232502,4409.605844,0.2968941,0.082639678,5.126165978,Afro
0.402719863,2217.007574,2079.137772,4657.488066,0.29006606,0.119516818,4.358663919,Afro
0.383934336,2083.701751,2281.366906,4878.674479,0.16583225,0.096205598,3.03299468,Afro
0.420368041,2135.876846,2078.524008,4664.573961,0.24365374,0.110335887,3.950409875,Afro
0.372456138,924.8234908,957.332436,2045.188788,0.27974963,0.125910893,-2.466534872,Afro
0.446816031,1911.1391,2001.692434,4242.363023,0.2786175,0.092756587,4.480458475,Afro
0.401540952,2068.044023,2258.303435,4814.705794,0.16280895,0.097226593,3.101680726,Afro
0.38827892,2008.814125,2222.300477,4685.119798,0.16769776,0.093599384,3.134359937,Afro
0.393314171,1856.840405,2020.098903,4139.023464,0.36478963,0.088205536,6.637650761,Afro
0.379224349,1918.624342,2112.139605,4429.06744,0.2521465,0.085069317,3.906822403,Afro
0.392725659,2530.815103,2647.952135,5735.931752,0.285657,0.109686167,5.337111119,Afro
0.375553893,2952.577814,2537.243537,5957.283926,0.34503117,0.167323548,4.08036257,Afro
0.385703619,2758.720299,2513.558531,5664.761867,0.32821977,0.154199689,6.149898728,Afro
0.415545201,2807.783858,2617.906105,5942.695598,0.33157402,0.146964964,6.403987021,Afro
0.356744638,2581.668005,2625.116544,5705.641538,0.3309865,0.127802474,5.781959341,Afro
0.344045562,2455.115427,2548.345028,5449.023288,0.37849712,0.115694573,5.902372664,Afro
0.278902813,2465.59308,2407.46225,5124.605393,0.36351654,0.12153278,3.842981683,Afro
0.381350389,2277.116292,2777.586929,5515.298368,0.16965099,0.068167934,3.704176497,Afro
0.384609325,2506.518028,2606.558526,5575.079828,0.3284681,0.1100215,4.324329342,Afro
0.395610269,2648.169566,2650.54272,5867.465842,0.3013116,0.123692898,6.088566099,Afro
0.41964454,2476.409746,2720.435835,5637.033115,0.26766378,0.096797643,5.505095243,Afro
0.431875504,2465.956894,2817.909793,5855.43526,0.24511857,0.082402344,5.237762236,Afro
0.402606623,2995.942191,2804.889316,6473.564855,0.26972848,0.143873315,5.827165485,Afro
0.439027485,2756.014825,2928.71011,6341.283433,0.17811596,0.100619256,3.951321114,Afro
0.336870024,2646.518916,2469.219314,5505.030149,0.35020497,0.140633327,3.997592659,Afro
0.348770653,2277.895832,2622.80128,5370.206039,0.34481826,0.082450539,4.101838983,Afro
0.370115769,2385.217407,2552.677946,5369.446085,0.32765552,0.10031038,3.437168915,Afro
0.415744367,2688.008523,2719.533437,5986.280008,0.32343537,0.121441613,6.255547032,Afro
0.408468721,2932.783582,2695.391539,6283.798199,0.35546312,0.154821852,6.11897264,Afro
0.3849847,2793.275678,2723.792515,6041.347024,0.26279068,0.130858609,5.64465166,Afro
0.390562863,2439.436017,2630.73527,5527.00466,0.33931035,0.10132193,4.238988886,Afro
0.368312376,2520.703017,2554.978531,5520.762741,0.3246822,0.114503467,4.070706434,Afro
0.413078306,2749.311664,2654.61571,6031.315085,0.32058555,0.138271676,6.162555673,Afro
0.432272169,2443.526067,2786.686708,5793.917854,0.25809816,0.087139629,5.395580541,Afro
0.559389137,2071.008274,2567.155399,4785.346826,0.16893268,0.041816591,4.636508925,Afro
0.377606404,2467.499466,2616.430117,5547.252746,0.3244307,0.103905354,3.481330323,Afro
0.390464964,1492.449146,1947.138421,3395.638021,0.2775225,0.050825908,5.139621273,Afro
0.489822265,2270.187102,2652.147505,5179.047189,0.16753152,0.049420427,3.607920613,Afro
0.379372596,1719.037494,2086.522192,3994.197591,0.27979997,0.062029434,5.405895601,Afro
0.392621585,1505.11521,1946.938022,3432.4096,0.36616656,0.052460706,6.460230703,Afro
0.426468715,1810.129769,2055.277911,4025.040799,0.27890915,0.074361181,4.975922042,Afro
0.407790641,2498.762036,2650.43905,5728.608228,0.28810757,0.106393456,4.161260457,Afro
0.398562371,1720.923559,2103.677918,3937.314328,0.34585306,0.062467296,6.653740226,Afro
0.412778583,2539.783698,2617.005722,5575.730832,0.098965794,0.06628399,-1.12745347,Afro
0.407796974,1596.961239,2051.246583,3666.466156,0.31075025,0.055679116,5.984402552,Afro
0.372652907,1582.010317,2037.978411,3685.616954,0.36943966,0.052744192,6.811738275,Afro
0.391491152,1559.616878,1963.066255,3531.816859,0.24956664,0.057335976,4.699674492,Afro
0.386289917,1601.779512,2013.927626,3646.728805,0.3165704,0.056447242,6.464858988,Afro
0.49195389,2585.174387,2856.607766,5948.66421,0.19065222,0.057542621,5.412718518,Afro
0.436613885,1704.811735,2071.050358,3861.981658,0.28408933,0.06008103,5.468886094,Afro
0.401319027,1706.895773,2075.30701,3870.027669,0.23724633,0.062712585,4.550511691,Afro
0.380716143,3131.377651,3050.394403,6882.237066,0.105708025,0.078346619,-0.789336418,Afro
0.529464704,2065.204766,2526.72767,4748.855832,0.16466555,0.04486983,4.201502715,Afro
0.420994228,1807.305165,2060.806287,4037.252658,0.26983553,0.073358641,4.984422132,Afro
0.440173355,2678.127926,2831.328839,5910.206232,0.16623834,0.060935193,2.899606054,Afro
0.43416455,1610.186309,2066.98392,3623.663595,0.16666117,0.043107708,2.87179758,Afro
0.518795135,2224.36541,2591.541173,5091.880389,0.15940922,0.049437546,4.115165408,Afro
0.41728405,3744.628926,3221.707186,7672.910306,0.06637329,0.102513647,-2.47904509,Afro
0.358808687,2125.01839,2490.477384,4965.975342,0.16319653,0.080390082,1.976163897,Afro
0.488269216,2380.065096,2432.103607,5552.030235,0.15319811,0.097328339,3.287053752,Afro
0.473277027,2143.029692,2274.00659,4938.761451,0.1910779,0.086058997,5.121546338,Afro
0.476136899,2385.900823,2363.937461,5400.39921,0.15265977,0.102574533,3.344610065,Afro
0.475348471,2220.130565,2410.479614,5340.341301,0.1533528,0.078790092,3.112790503,Afro
0.380678802,2170.108635,2535.698922,5163.202112,0.19390121,0.079115168,3.078705789,Afro
0.4242512,2191.970622,2295.077263,4662.43014,0.107057825,0.084767061,-0.77653332,Afro
0.382863906,2271.690838,2607.375315,5486.538332,0.19631855,0.081518331,3.2023062,Afro
0.458106432,2285.869725,2295.404006,5048.508335,0.16280352,0.099204766,3.107544376,Afro
0.407102084,2346.738646,2597.809333,5408.859113,0.18673055,0.097769734,3.576464196,Afro
0.476097747,2703.902927,2879.285473,6107.993221,0.16994287,0.064684207,3.640177551,Afro
0.40609485,1971.938913,2415.078042,4672.235891,0.184577,0.072481395,3.141963885,Afro
0.418542439,2084.814309,2233.217934,4802.570527,0.19573013,0.084351798,4.96533774,Afro
0.462151284,2293.886835,2401.558987,5405.866732,0.19309703,0.100958787,4.673483884,Afro
0.399778709,2239.269782,2260.717979,4975.958809,0.1537618,0.098804881,0.89729651,Afro
0.385190007,2297.630615,2539.162023,5262.369792,0.17267103,0.097640011,3.030286081,Afro
0.444746615,2449.243727,2613.262234,5598.01615,0.16133164,0.10960289,3.457671655,Afro
0.35743221,2264.140314,2558.845232,5345.601009,0.18529314,0.084784824,2.703010033,Afro
0.490253841,1920.939579,2188.288121,4474.678036,0.18092169,0.07535498,4.542094878,Afro
0.388589412,2368.037285,2514.567071,5251.367723,0.13301039,0.100859926,-1.200964684,Afro
0.42382951,2056.19828,2229.317338,4771.177048,0.19880202,0.079916245,4.739222443,Afro
0.389574486,2124.107423,2478.575537,4968.263479,0.19803901,0.083636915,3.318017815,Afro
0.422229615,2460.585425,2662.162843,5708.003259,0.16986424,0.093435066,3.057522844,Afro
0.364572142,2225.216169,2554.177,5201.848973,0.16116627,0.084111672,2.135262628,Afro
0.402599899,2322.370306,2288.36401,4927.568088,0.16800113,0.110193139,1.214133727,Afro
0.443808517,2206.51311,2518.198024,5058.454176,0.19268756,0.080786189,5.896008095,Afro
0.432979148,3204.461976,2866.935133,6546.637389,0.3130139,0.096581839,7.058081226,Afro
0.466460308,2295.737326,2725.242704,4840.053144,0.35550642,0.050258907,8.216162707,Afro
0.496467558,2327.800238,2755.193726,4735.983125,0.37416583,0.050976038,8.294301594,Afro
0.502109685,2213.014841,2629.857615,4571.126508,0.3692085,0.047992597,8.41814249,Afro
0.535080896,2200.395003,2830.822283,4794.962298,0.30175254,0.040340252,7.50897832,Afro
0.500887213,2401.868399,2802.890692,4937.57917,0.37056738,0.052741492,8.350903385,Afro
0.56592581,2219.300324,2651.604682,4573.819191,0.30755988,0.046846531,7.586848417,Afro
0.500420201,2396.209149,2788.510878,5027.373549,0.31128424,0.051263252,7.795466735,Afro
0.463410628,2656.168962,2879.698149,6253.380368,0.22932601,0.060535125,5.396459613,Afro
0.467412469,2996.789832,2949.651372,6623.4751,0.27871096,0.078362426,6.700549338,Afro
0.434703039,2286.615083,2609.631704,5300.107343,0.18937539,0.08219892,5.951732193,Afro
0.379408672,2465.970036,2450.006548,5264.598155,0.10446455,0.119964887,-3.02458637,Afro
0.382386046,2496.778921,2492.468688,5421.830421,0.14888468,0.110176378,-2.298101831,Afro
0.384199737,2740.492196,2910.581809,6296.017808,0.3117711,0.06277512,6.576501469,Afro
0.497923079,1750.379328,2401.578222,3672.670747,0.39842883,0.03261951,8.76276924,Afro
0.506396756,2324.483939,2734.866362,4724.784212,0.34586763,0.052810491,7.992279297,Afro
0.437944631,3154.00522,2940.443018,6593.404963,0.3255459,0.090786396,6.965495478,Afro
0.475319805,3146.429479,2870.702502,6518.416495,0.28116304,0.092206377,6.923222921,Afro
0.559477643,2248.11207,2752.029587,4677.933508,0.28799108,0.047122418,7.414220711,Afro
0.442806166,3093.144479,2868.320812,6446.047686,0.31120104,0.089800694,6.987304517,Afro
0.538666433,1733.165084,2464.768252,3480.121435,0.30142853,0.02971532,7.209809232,Afro
0.378472047,2165.900341,2464.662255,4947.401356,0.22927609,0.081016296,6.076695842,Afro
0.417406163,2370.540144,2637.097066,5179.711114,0.32898396,0.058833842,6.854802319,Afro
0.476097187,2767.946067,2724.137605,5864.013177,0.2861675,0.074962779,6.79386978,Afro
0.480318992,1433.018868,1726.291599,2937.463602,0.29316816,0.034094693,5.974190223,Afro
0.478561462,2706.406916,2770.958519,5869.845436,0.32138494,0.072865225,7.322691657,Afro
0.512266681,2483.763764,2549.817803,5484.831217,0.2916533,0.062856755,7.415852012,Afro
0.5173946,2879.921971,2846.705329,6225.479054,0.29100674,0.076838107,7.319701877,Afro
0.424659591,1315.768213,1549.183706,2591.549172,0.330939,0.031565776,5.857786773,Afro
0.484816839,2817.726442,2754.164999,5936.391929,0.28816998,0.074732149,6.872681775,Afro
0.407989652,1384.365796,1621.469794,2598.334358,0.36034024,0.034811449,5.957774285,Afro
0.47513393,2974.917478,2845.576371,6217.262596,0.2872763,0.082245118,6.794104233,Afro
0.41473846,1574.950202,1792.029479,3066.126125,0.34660947,0.039576066,6.032234064,Afro
0.381283271,1443.533127,1681.794165,2774.446163,0.3864436,0.035940615,6.358855548,Afro
0.478529134,2465.370954,2496.963503,5275.972122,0.28892303,0.063388123,7.034803522,Afro
0.47015109,2437.120946,2477.614428,5247.069115,0.2855645,0.063008999,6.918400448,Afro
0.468712652,2583.621,2543.291154,5474.773297,0.2864174,0.069327464,6.892313166,Afro
0.419090567,1556.363572,1639.661724,2857.621695,0.37692207,0.044724547,5.976745147,Afro
0.44812803,1513.167878,1745.873679,2966.783593,0.31439164,0.037203469,5.807720065,Afro
0.437714679,1272.998635,1548.003345,2530.672527,0.31245273,0.02973587,5.339800558,Afro
0.404613441,1375.37997,1606.867309,2653.220197,0.35639536,0.034161488,5.85106877,Afro
0.457266478,1629.764757,1746.432685,3233.122506,0.29963687,0.047241114,5.090574112,Afro
0.463555469,1551.885383,1795.395784,3071.447712,0.329956,0.039290128,6.377237211,Afro
0.408454874,1477.54021,1736.858505,2928.852981,0.33587703,0.034779917,5.714746198,Afro
0.436413881,1458.362887,1673.695158,2890.819712,0.33286592,0.036601926,5.857735566,Afro
0.403650982,1440.610398,1671.856279,2832.307721,0.3477228,0.036225565,5.921142542,Afro
0.491660404,2443.978395,2501.113278,5318.042251,0.1659243,0.060294402,4.358595698,Afro
0.41266291,2072.573807,2313.962643,4413.658901,0.33074507,0.05155444,6.899926141,Afro
0.46489773,2514.107201,2519.442242,5394.835536,0.32231152,0.067142156,7.609473717,Afro
0.32145018,2302.439791,2892.812807,4831.263262,0.34734184,0.044686327,4.212601099,Afro
0.484453609,2485.587577,2495.245284,5302.779602,0.30346814,0.065074998,7.27701505,Afro
0.5221688,2835.685656,2594.343821,5864.473907,0.17549337,0.081885573,4.246114033,Afro
0.516097702,2728.488013,2550.670357,5702.267044,0.17339872,0.076353784,3.999664462,Afro
0.524021034,2549.792658,2531.900436,5421.548916,0.16210082,0.065173063,4.328332305,Afro
0.517334578,2803.002812,2602.946785,5879.595073,0.17717937,0.078899277,4.183089905,Afro
0.473322618,2374.031682,2454.37033,5116.979985,0.3208836,0.063016716,7.341348045,Afro
0.449156614,2354.415742,2297.209992,4779.336518,0.2533583,0.058499116,4.93698033,Apala
0.444175302,2350.004793,2158.028039,4499.14185,0.28339294,0.064833849,5.246932914,Apala
0.449676387,2191.551462,2144.920836,4470.881243,0.24210593,0.051338157,4.338287879,Apala
0.435887645,2841.521588,2407.26286,5462.202414,0.24452251,0.083574444,3.872716172,Apala
0.414185871,2715.906771,2747.334724,4983.971981,0.21663722,0.071055577,2.724620519,Apala
0.443937674,2190.955828,2069.356354,4382.206611,0.24335405,0.055319201,4.1334246,Apala
0.440023212,2519.866704,2259.682458,4960.669582,0.24457292,0.073335081,4.189432177,Apala
0.443752159,2191.825251,2097.361812,4407.195713,0.26503882,0.059394706,4.985925068,Apala
0.413722038,2359.65339,2199.991585,4726.562136,0.23212557,0.068696045,4.031479158,Apala
0.419908048,2200.615017,2099.036783,4389.003373,0.25136045,0.060462977,4.403865868,Apala
0.433767854,2248.49197,2143.713249,4532.545302,0.23545848,0.062921468,4.218629234,Apala
0.42294869,2373.073969,2201.371524,4718.319931,0.20011514,0.062547538,2.819200275,Apala
0.461571191,2512.426952,2284.712265,4954.889448,0.24870113,0.067761658,5.028982027,Apala
0.408532932,2472.909442,2218.395097,4861.781097,0.25351843,0.073032242,4.002525896,Apala
0.430947638,2491.611582,2229.153963,4909.421263,0.24124119,0.0720022,4.700439836,Apala
0.403192273,2338.434416,2172.7788,4689.203688,0.24088693,0.064782327,3.934618064,Apala
0.436340256,2310.995651,2177.062343,4668.522937,0.25046486,0.063269798,4.664446243,Apala
0.463182208,2246.033907,2102.024815,4439.120871,0.25355458,0.061314553,4.713418356,Apala
0.442310806,2344.35131,2171.721997,4625.524155,0.26014045,0.068074657,4.487773977,Apala
0.423453598,2702.754375,2336.749657,5185.17491,0.24961063,0.087162926,4.134553857,Apala
0.402951163,2394.502765,2228.63457,4862.26916,0.24638888,0.06333819,4.323939498,Apala
0.433599222,2320.295348,2202.181637,4640.103486,0.23135488,0.06468541,4.426689474,Apala
0.440627521,2385.227838,2149.463196,4617.252617,0.25340727,0.069932554,3.889621904,Apala
0.447984589,2414.731886,2228.679742,4808.594637,0.24804433,0.068952329,4.683477438,Apala
0.419425531,2184.979039,2200.049004,4633.455651,0.23619704,0.057963977,4.405726357,Apala
0.435483534,2388.287513,2501.474481,4578.432347,0.25937948,0.058877871,3.973043867,Apala
0.435475176,2316.408261,2208.98385,4706.343693,0.248612,0.060490157,4.155777319,Apala
0.443290093,2400.98252,2590.180452,4784.752952,0.28439897,0.053986215,5.166560991,Apala
0.46607161,2337.164601,1853.274702,4311.450113,0.11253577,0.076157162,-0.559962255,Apala
0.45298777,2687.094009,2372.457111,5239.751761,0.27317002,0.076766179,5.915304202,Apala
0.431655165,2647.212923,2711.243006,5213.425957,0.37130126,0.067891945,6.777911699,Apala
0.45573889,2241.331344,2172.325878,4600.319848,0.22514881,0.060337637,4.534341903,Apala
0.461141775,2439.637689,1841.88909,4340.084587,0.13826163,0.085654722,0.133595634,Apala
0.469546204,2231.445584,1862.207712,4158.783889,0.114060715,0.068683659,-0.102663658,Apala
0.452866123,2362.385425,1880.307696,4402.634591,0.12938699,0.076829263,-0.304841478,Apala
0.476161626,2356.932518,1791.626616,4134.859455,0.13508788,0.085235572,0.219946093,Apala
0.457189541,2390.577074,1850.909509,4351.148798,0.13262795,0.080930069,-0.00709128,Apala
0.43925804,2254.225277,2549.16397,4468.364394,0.27308652,0.048789086,4.545759584,Apala
0.416481598,2310.913191,2228.441873,4770.033796,0.27481595,0.059543518,5.255031459,Apala
0.479509471,2324.890499,1841.711819,4241.591524,0.1348164,0.076158029,0.151524657,Apala
0.486298921,2192.757486,1823.236038,4145.891817,0.102572255,0.067084878,-0.743814472,Apala
0.4607244,2351.594902,1798.483301,4186.662762,0.15074207,0.082632416,0.457828471,Apala
0.497674116,2178.938112,1783.993909,4012.384613,0.12482908,0.071449451,0.270531357,Apala
0.439641042,2534.248977,2293.710064,4933.818895,0.26912278,0.076069315,5.1415454,Apala
0.446360234,2890.905536,2830.199598,5752.312057,0.37089866,0.079120974,6.780311305,Apala
0.426449282,2527.092519,2279.811389,5046.590513,0.24256882,0.070358379,4.430031222,Apala
0.433578583,2400.883009,2518.326519,4604.251401,0.3012653,0.059235424,5.507065188,Apala
0.43694835,2545.250724,2609.183775,4983.024063,0.29825667,0.059950706,5.595731955,Apala
0.426233628,2259.231492,1906.836832,3995.037548,0.13694718,0.070012225,0.30652485,Apala
0.425565907,2509.314337,2626.842738,4837.853797,0.31894553,0.058052463,5.390402522,Apala
0.396620359,2223.662526,1950.36176,4038.230471,0.1374996,0.064677662,0.24681706,Apala
0.419865629,2601.931556,2690.814588,5082.716692,0.35684898,0.067253089,6.473751929,Apala
0.431105396,2450.90425,2021.377222,4272.793095,0.119940154,0.078749457,-0.385146225,Apala
0.37102164,2374.231728,2512.239997,4459.607862,0.33312425,0.058826174,4.845364893,Apala
0.4371046,2314.446701,1905.939275,4069.885039,0.14519106,0.074956814,0.776484688,Apala
0.439936116,2799.19681,2753.157858,5306.594521,0.3053027,0.065931114,5.67139701,Apala
0.416605337,2733.404454,2667.84238,5058.229889,0.31369284,0.069232715,5.321292468,Apala
0.455897413,2644.074624,2757.890529,5271.659025,0.3601628,0.063800403,7.141432322,Apala
0.457208999,2664.058913,2699.969405,5169.580136,0.3484224,0.066167975,6.618753991,Apala
0.470434829,2742.124817,2795.859887,5261.685737,0.2752071,0.061896146,5.582100816,Apala
0.440726063,2545.763377,2718.579264,5060.59136,0.3512977,0.061396707,6.582289149,Apala
0.46230553,2712.603255,2732.745137,5366.355787,0.3583819,0.067639165,7.045274862,Apala
0.429950305,2407.806653,2001.264167,4260.225734,0.134542,0.075680342,-0.016732667,Apala
0.4266898,2501.420828,1996.836378,4313.358845,0.14539392,0.083553469,0.013530639,Apala
0.407426489,2590.42832,2619.726169,4915.658522,0.33712083,0.064163978,5.622220176,Apala
0.416523613,2359.771261,1972.73156,4192.199568,0.13080297,0.073495213,-0.247208291,Apala
0.428342843,2455.422779,1938.270927,4214.361299,0.15446584,0.083233814,0.626916624,Apala
0.418073216,2551.843871,2638.111715,4867.747337,0.31152025,0.062352544,5.474917389,Apala
0.438217375,2465.8144,1945.465337,4234.474193,0.1360614,0.083573649,0.192042443,Apala
0.420931271,2426.725888,1928.049794,4130.63853,0.15237562,0.082106032,0.215065109,Apala
0.41203512,2474.323062,2587.921475,4684.257226,0.31700468,0.057233688,5.46915591,Apala
0.418310512,2668.625382,2686.090682,5073.715262,0.31576148,0.063873602,5.403098246,Apala
0.412158431,3559.433088,2195.734153,6074.772247,0.17425345,0.247813511,-4.541455456,Apala
0.37121224,969.9979465,1317.03399,1751.605183,0.055756558,0.022876731,-5.183706506,Apala
0.413518784,907.321831,1261.829824,1696.5511,0.0617892,0.019846807,-3.725539946,Apala
0.401199989,976.7052755,1289.765232,1844.764278,0.0526974,0.022341167,-4.621920141,Apala
0.384124944,3191.363302,2118.497257,5631.576918,0.1812515,0.221993418,-4.085999079,Apala
0.432649884,2226.266774,1864.877025,3879.850217,0.3013842,0.072080545,4.850702631,Apala
0.40402022,2629.273899,2692.327666,5057.202558,0.32299495,0.063515046,5.852920604,Apala
0.438082094,2177.930079,1898.189529,3904.94649,0.28821617,0.065361731,5.056078549,Apala
0.390593612,938.6304484,1269.829688,1697.273091,0.057775382,0.021914255,-4.832774706,Apala
0.409199737,910.5979547,1225.865418,1608.385115,0.05436455,0.022029918,-4.134334328,Apala
0.424945295,970.4031248,1296.750185,1832.850185,0.060286995,0.021552103,-4.060544622,Apala
0.39641399,923.6405184,1278.796681,1716.72968,0.05041042,0.021090556,-5.075909769,Apala
0.380126709,2566.640566,2603.199208,4807.760186,0.33806437,0.066003318,5.24947974,Apala
0.354633813,1062.837254,1325.238604,2058.485783,0.049494766,0.026457428,-5.00508896,Apala
0.399214578,893.5919523,1219.565427,1618.324879,0.058442134,0.021117152,-4.421809659,Apala
0.381007141,983.5086214,1285.466255,1837.305331,0.05800436,0.022727496,-4.629097348,Apala
0.426774684,892.465338,1198.44276,1584.296901,0.06578551,0.020613233,-3.353055544,Apala
0.423653123,843.7178935,1156.849371,1465.108146,0.06902291,0.019007132,-3.724214695,Apala
0.40077939,868.1202587,1202.086367,1542.06766,0.064841524,0.01982418,-4.086949754,Apala
0.398031136,1079.054088,1413.294793,2172.525827,0.050643176,0.024418792,-4.684520137,Apala
0.409262525,890.1883455,1236.271053,1565.616999,0.0484982,0.020921097,-5.27432752,Apala
0.424731778,2117.176693,1837.919027,3795.794837,0.311795,0.063700568,5.133071826,Apala
0.402653979,3393.259863,2145.008224,5812.457192,0.18676035,0.250773298,-3.421475955,Apala
0.443887601,2107.483389,1817.338903,3724.373135,0.28881022,0.06587993,4.918367425,Apala
0.441241951,2166.146782,2388.346833,3863.545388,0.17496462,0.054990266,2.860628597,Apala
0.481463055,2865.850072,2962.296832,5508.66288,0.31576443,0.061703514,7.623416747,Apala
0.501876287,2928.090256,3074.087346,5593.06965,0.31050253,0.060397014,7.623072794,Apala
0.435266709,2220.479772,2484.836848,4049.201056,0.17301321,0.054247391,2.335954778,Apala
0.500394228,3047.794703,3117.28317,5694.536713,0.2879392,0.071521252,6.958758499,Apala
0.419553039,2395.5129,2617.417284,4504.126974,0.17450006,0.056120602,2.609720844,Apala
0.496070227,2832.661736,3099.533394,5462.33115,0.3528067,0.055472468,8.089390851,Apala
0.49887958,3034.281563,3087.95199,5768.497494,0.28782132,0.067951905,7.333699228,Apala
0.488095974,2978.546923,3038.687202,5592.124331,0.28095806,0.070130201,6.915812874,Apala
0.436218922,2145.448906,2368.535892,3810.199174,0.16830465,0.055332158,2.434188838,Apala
0.50980167,2926.963773,3074.648446,5604.051401,0.28194615,0.067189705,7.172134368,Apala
0.528158289,2585.513825,2941.023959,5131.921131,0.3356965,0.047755576,7.816640211,Apala
0.440335537,2354.507201,2562.657031,4378.522673,0.17278534,0.05725674,2.744705956,Apala
0.47665466,3053.318374,3138.65411,5753.704256,0.340031,0.067652469,7.812466273,Apala
0.493688642,2766.474949,3015.828603,5358.157124,0.34220642,0.051722017,7.900791242,Apala
0.397262917,2230.176416,2448.968888,4010.309032,0.1583809,0.057631995,1.206647629,Apala
0.419471653,3233.75791,2145.153044,5693.972341,0.16089134,0.223106853,-3.711446545,Apala
0.510554038,2591.194787,2987.648743,5240.406981,0.3454277,0.046718879,7.947291371,Apala
0.480818688,2831.595434,3064.629314,5498.641036,0.35984725,0.057601952,8.089839263,Apala
0.493021507,2590.318739,2975.577234,5119.57342,0.3356106,0.047162771,7.538898955,Apala
0.491889307,2845.000546,3002.183689,5451.741589,0.3012386,0.057432782,7.163775955,Apala
0.505992425,2928.803626,3133.405516,5650.474404,0.33993787,0.059349117,7.802037706,Apala
0.528013974,2729.686014,3037.166836,5408.322464,0.34849167,0.046452354,8.201564327,Apala
0.432772374,3386.815071,2141.699787,5822.179676,0.16826215,0.239252814,-3.416014034,Apala
0.381717143,2433.349564,2576.954728,4533.195638,0.3222538,0.059290446,4.528136664,Apala
0.420552353,2188.957608,2435.489807,3952.686015,0.17350632,0.056148408,2.140680995,Apala
0.428939686,2226.087906,2381.496941,4009.810807,0.18540111,0.059377948,3.112829526,Apala
0.417195946,2141.7189,2299.333954,3851.168055,0.18132992,0.058606548,2.222836023,Apala
0.397094988,2246.546395,2392.129401,4058.104906,0.19489908,0.059870138,2.019359775,Apala
0.44138223,2111.510503,2304.673841,3786.471179,0.18308486,0.05776639,3.256525246,Apala
0.441043461,2216.626293,2425.627762,4047.886745,0.17625761,0.057122533,3.388215636,Apala
0.441151621,2172.335708,2448.607853,3935.897557,0.16120751,0.052218353,2.34435632,Apala
0.438428898,2488.425325,2822.258997,4674.543696,0.1715035,0.055216116,2.986332816,Apala
0.437611571,2112.769917,2435.333669,3871.266174,0.16327386,0.052558497,2.201842945,Apala
0.394098675,2072.799746,2275.890169,3713.93023,0.19471484,0.055458123,2.390298346,Apala
0.438286164,2149.656612,2382.210384,3824.32424,0.16732027,0.054705146,2.775144188,Apala
0.466790693,2284.829537,2489.520683,4204.439151,0.16052394,0.058371134,2.850136146,Apala
0.420576368,2175.47179,2319.837936,3880.779169,0.18383321,0.060290082,2.443478182,Apala
0.430760852,2127.808358,2363.200242,3823.867038,0.16617905,0.05579827,2.29670812,Apala
0.418761369,2538.830637,2632.817152,4860.099243,0.31296045,0.061676528,5.51561299,Apala
0.459742416,2684.985777,2779.439641,5129.87091,0.28686565,0.0599609,5.796383262,Apala
0.44392299,2048.358315,2450.854095,3812.848762,0.15933654,0.047040421,2.344122419,Apala
0.388168396,2433.722025,2571.6786,4505.107129,0.3220538,0.060854463,4.849028125,Apala
0.420842457,2095.099285,2352.175363,3749.29024,0.18148251,0.056176898,2.440366353,Apala
0.456817687,2057.967209,2482.887945,3809.341646,0.16458055,0.046913395,2.67226162,Apala
0.422643512,2183.852782,2410.560932,3965.02731,0.17946076,0.057919341,2.331148947,Apala
0.427986552,2188.990116,2486.401569,4020.851064,0.17913501,0.054004333,2.828505264,Apala
0.440981197,2314.196962,2750.278741,4395.693058,0.17552784,0.048531383,3.246668342,Apala
0.424571608,2519.180808,2634.54118,4846.741497,0.31926742,0.058618895,5.362255905,Apala
0.399507194,2631.729095,2698.141131,5073.110907,0.3323422,0.06585111,5.843827442,Apala
0.453821816,2903.818581,2864.008302,5514.150905,0.27385956,0.068529455,5.282056882,Apala
0.448415626,2384.458656,2547.896662,4332.119224,0.23059718,0.060202606,5.390247085,Apala
0.419763233,2466.11786,2525.501316,4721.350346,0.32585034,0.058338011,5.740449297,Apala
0.452875845,2841.479726,2779.852347,5477.109285,0.30449325,0.06193143,6.015680305,Apala
0.388917539,2607.774251,2550.709816,4750.329378,0.34372637,0.07180884,5.572346886,Apala
0.431900682,2869.952177,2778.912621,5451.072347,0.29917094,0.068167181,5.659856558,Apala
0.450184539,2452.047412,2579.304094,4474.761088,0.23618066,0.062918068,5.355682853,Apala
0.399728304,2551.880606,2603.33567,4850.649064,0.33991796,0.063068008,5.585038412,Apala
0.420144523,2752.563981,2684.913662,5103.600237,0.31067607,0.069202872,5.346587347,Apala
0.44779052,2514.905046,2650.663991,4667.602027,0.22188401,0.062032965,4.874874183,Apala
0.443239931,2460.371384,2607.354486,4551.862773,0.22821161,0.060653515,5.156056041,Apala
0.405641902,2623.97003,2645.224441,5021.912601,0.32551226,0.063874789,5.873727487,Apala
0.439452472,2773.175657,2738.45266,5312.319788,0.30331948,0.065555672,5.509207498,Apala
0.449435503,2832.079085,2789.418535,5361.458119,0.29751706,0.069854042,5.68797571,Apala
0.441751601,2825.150182,2759.658917,5337.861199,0.30547667,0.0671582,5.720022599,Apala
0.446066346,2651.116503,2647.963007,5164.122651,0.30424073,0.059255896,5.976695736,Apala
0.419213609,2625.773291,2632.589994,5007.530293,0.32676294,0.063117604,5.57490937,Apala
0.404833324,2469.176328,2620.627905,4775.346944,0.34226617,0.054840122,6.161587032,Apala
0.406684264,2481.838357,2621.543461,4713.963983,0.33390367,0.058727377,5.860095875,Apala
0.418844756,2735.897568,2743.539286,5176.453278,0.3078616,0.065937245,5.506061042,Apala
0.380712323,2533.066668,2610.818651,4769.649886,0.3345656,0.061668668,5.170977603,Apala
0.468095974,2768.6263,2761.744097,5349.717568,0.29707974,0.061753822,6.362947358,Apala
0.406215531,3350.69044,2188.154971,5861.634072,0.16598439,0.214447679,-4.328098328,Apala
0.302510679,1477.975433,1526.216418,3141.790344,0.37128377,0.070841601,3.022715351,Apala
0.362045079,3328.93787,2162.190323,5785.900673,0.17799762,0.207950522,-4.89167286,Apala
0.381145428,3188.632462,2089.590789,5570.304431,0.1898113,0.218046785,-4.747956158,Apala
0.322819668,1466.526888,1558.419862,3112.040602,0.3495596,0.074788598,2.269273234,Apala
0.368670935,3208.776008,2155.36599,5683.947261,0.17341487,0.203585059,-3.797830416,Apala
0.331109625,1537.46943,1555.772301,3267.781266,0.3313092,0.079094841,2.682998006,Apala
0.392639419,3310.01426,2115.694531,5689.901228,0.1768792,0.222136889,-4.65141592,Apala
0.32117484,1373.793039,1500.397845,2979.55537,0.32562688,0.065453219,2.145740472,Apala
0.329807535,1419.274507,1513.375037,3161.5585,0.3350636,0.067444779,2.653127657,Apala
0.391143713,3161.767282,2123.447308,5569.123737,0.18355623,0.212023776,-4.934895661,Apala
0.39392361,3218.011288,2140.271387,5658.633498,0.1753858,0.207612769,-4.305556215,Apala
0.389971811,3273.852961,2116.026242,5674.237713,0.18860576,0.224325994,-4.689430314,Apala
0.338033493,1663.790314,1575.714894,3445.449654,0.29488957,0.090850247,2.677552476,Apala
0.382531607,3184.070871,2099.755995,5564.755998,0.1890749,0.211677411,-4.0708114,Apala
0.398222829,3440.371715,2152.605475,5866.469037,0.20176585,0.238136762,-4.140793454,Apala
0.336365459,1537.278411,1616.019015,3245.437471,0.34612855,0.076481281,2.736142198,Apala
0.323331564,1404.402741,1542.018359,3022.442237,0.32339025,0.063659619,2.048724936,Apala
0.321190055,1534.385142,1615.652402,3343.440559,0.35395268,0.070722735,2.737945582,Apala
0.37385895,3315.568076,2156.872161,5786.123601,0.18423334,0.2171878,-5.079747346,Apala
0.387084337,3422.656476,2135.287482,5840.876946,0.18752047,0.237405697,-5.560378218,Apala
0.311288915,1414.01251,1566.111387,3147.808382,0.33279794,0.063566375,2.37547167,Apala
0.338558425,1652.607582,1561.822971,3393.031049,0.32698497,0.088182972,2.808155964,Apala
0.316819599,1603.451712,1565.744355,3298.364806,0.34853128,0.085078109,3.313257931,Apala
0.330709801,1446.568621,1559.614884,3122.960279,0.3195598,0.07195462,2.227175159,Apala
0.331101804,1496.997542,1542.309046,3170.832737,0.33184007,0.07737314,2.079707073,Apala
0.324030133,1442.847324,1563.97144,3191.363001,0.32794347,0.067445791,2.135916234,Apala
0.322861799,1439.443028,1493.580391,2983.173595,0.3127143,0.075360236,2.113467597,Apala
0.355920188,1679.332306,1596.929285,3470.008914,0.3425196,0.088416379,2.728282732,Apala
0.344411971,1396.82819,1576.617296,3115.083405,0.30210215,0.06060185,2.230151984,Apala
0.354683967,1527.837226,1596.714084,3282.793751,0.30699542,0.074786806,2.537224879,Apala
0.353405297,1628.286937,1599.020986,3419.690388,0.32684365,0.085152984,2.857698428,Apala
0.318730015,1483.049692,1508.312235,3115.779712,0.3310318,0.080613423,2.053056668,Apala
0.345489049,1546.334303,1582.367254,3245.934218,0.3042098,0.080386909,2.42818823,Apala
0.3526837,1409.302076,1537.633298,3060.65512,0.3201898,0.071258864,2.776333793,Apala
0.359015061,1479.993532,1528.023641,3114.397586,0.32412496,0.07824621,2.530210814,Apala
0.346872898,1474.315228,1554.425966,3100.121196,0.3450714,0.074053527,2.944444292,Apala
0.330675414,1464.181621,1531.561066,3133.837351,0.32488444,0.075582238,2.358822292,Apala
0.321615953,1416.811525,1547.725081,3156.361128,0.34012347,0.064369196,2.729312861,Apala
0.343461508,1712.17432,1622.469631,3554.888162,0.32383192,0.091672257,2.817919491,Apala
0.356656546,1537.356655,1573.41793,3255.64356,0.3022168,0.080171773,2.749555089,Apala
0.326580039,1713.564686,1614.007145,3521.638952,0.32415313,0.09193253,3.008395446,Apala
0.305073168,1650.083585,1609.105605,3561.688671,0.3347057,0.085568688,2.624852342,Apala
0.339711613,1647.093496,1610.957375,3472.635856,0.32394466,0.08214895,3.091545031,Apala
0.385913297,3228.746353,2176.263659,5749.092446,0.18538481,0.205962289,-4.092787321,Apala
0.324926196,1520.238524,1576.259191,3294.243082,0.3358703,0.071823585,2.529336466,Apala
0.346336672,1640.190974,1608.866244,3418.395996,0.32385117,0.082197639,2.794208213,Apala
0.345415865,1370.636131,1567.368247,3088.895057,0.3169339,0.060557183,2.304883281,Apala
0.455380587,2528.164085,2266.621517,5288.52668,0.24894933,0.074772783,4.736053895,Apala
0.344558857,1507.183163,1513.242386,3057.336034,0.32794732,0.083690795,2.49360272,Apala
0.490449209,2455.716749,2318.694857,5359.922346,0.23122391,0.064317886,4.783426211,Apala
0.502583248,1084.615824,1806.722377,2117.62942,0.17168581,0.018986161,4.00707791,Apala
0.457074101,2392.113425,2380.072776,5453.243407,0.20691235,0.053404007,3.875781305,Apala
0.48729296,1086.062578,1725.224487,2164.272332,0.17281926,0.019510321,4.214443676,Apala
0.518026781,2881.47091,2386.703245,5707.548337,0.25662065,0.09073569,6.306728258,Apala
0.511233549,2841.862033,2388.42511,5665.357734,0.25334015,0.085758551,6.330129408,Apala
0.517419059,2887.559323,2431.461098,5803.012902,0.24925265,0.08397234,6.367103196,Apala
0.46369899,2426.076901,2322.832341,5344.526188,0.2528469,0.061946154,5.224289361,Apala
0.473374019,1009.020717,1696.183793,1978.088118,0.18426268,0.016695314,4.431358843,Apala
0.528060183,2894.833989,2348.786457,5677.835016,0.25752103,0.092148211,6.280644169,Apala
0.515836475,2953.398757,2302.297484,5655.252225,0.24559084,0.098035353,5.81928821,Apala
0.505238618,987.1507617,1794.974866,1881.828051,0.18508993,0.015220805,4.617573503,Apala
0.454901288,2354.124727,2299.378016,5238.81884,0.2670125,0.061079965,5.853885828,Apala
0.497164993,900.0056993,1631.268983,1710.227347,0.18978699,0.013374963,4.702197517,Apala
0.47346537,2621.121391,2252.104125,5373.14057,0.25601757,0.08367629,4.966795709,Apala
0.541605077,2981.266533,2299.249711,5704.257964,0.23983733,0.098231043,6.048759115,Apala
0.481394896,1056.505031,1846.417582,2013.74593,0.1814664,0.017740512,3.841946566,Apala
0.498009348,1020.507035,1685.711114,2081.814915,0.1780684,0.016744889,4.351667572,Apala
0.483713485,1170.999767,1840.027013,2288.265129,0.16375972,0.022108741,4.013724685,Apala
0.497711364,881.3778864,1664.618248,1590.045341,0.18460193,0.012856204,4.413557063,Apala
0.445540968,2504.530892,2352.424324,5466.138536,0.24232563,0.066495725,4.919446614,Apala
0.480522408,1076.518934,1843.750416,2122.722232,0.1719394,0.018367821,3.896293773,Apala
0.357834268,2926.146191,2833.795801,6147.820875,0.27761802,0.066351808,3.869990405,Apala
0.548886519,2794.452428,2328.553689,5570.17733,0.21854964,0.083265081,6.077006152,Apala
0.380397572,2708.138477,2771.872055,5767.193264,0.33870268,0.061802052,5.281643046,Apala
0.394880614,2806.911646,2801.722332,5913.979594,0.2533553,0.062208764,3.108609562,Apala
0.405783855,2691.366301,2755.452268,5790.595669,0.3297567,0.061115029,5.495267777,Apala
0.32969285,2977.661261,2968.862842,6319.341146,0.37504795,0.064545898,4.983750985,Apala
0.370177423,3018.486779,2934.236378,6327.039931,0.30521983,0.067223066,4.539892999,Apala
0.383284619,3037.929185,2967.293668,6335.854255,0.3273041,0.069240806,5.513884883,Apala
0.504627506,2942.019734,2321.542854,5701.801074,0.24555789,0.094544811,5.987759706,Apala
0.498606992,2592.256119,2355.954444,5492.688465,0.23838861,0.070060701,4.800076183,Apala
0.305106154,1032.786548,1043.784655,2086.464528,0.085491456,0.052957826,-6.36783182,Juju
0.364596958,974.7304531,1166.439876,2201.802207,0.11481025,0.036469646,-4.494663368,Juju
0.355104556,1114.875193,1142.231228,2413.369408,0.113996215,0.047579208,-5.002392274,Juju
0.363806718,973.62744,1130.250491,2193.616268,0.105271205,0.043034205,-4.099941777,Juju
0.39014904,1217.305957,1244.115539,2675.077455,0.102336615,0.067099173,-3.895755362,Juju
0.359172292,862.0650695,1030.830618,1948.980193,0.14435233,0.032523619,-2.85326305,Juju
0.353910748,1247.605129,1266.257764,2787.439348,0.12911114,0.058968537,-3.413486118,Juju
0.361384765,1450.604932,1309.774798,3001.604964,0.105511874,0.085828237,-3.878991721,Juju
0.327922082,807.2440939,975.7251556,1623.931988,0.075152285,0.035764533,-6.201378488,Juju
0.349480305,928.6490301,1034.467519,2016.591129,0.15342513,0.040857141,-3.834507245,Juju
0.378933448,960.1562032,1060.423832,2132.817687,0.14198458,0.040150778,-3.302808368,Juju
0.352496046,924.3600424,1029.867619,2009.077921,0.09514646,0.039023104,-5.901071871,Juju
0.364194439,1045.324532,1195.968809,2342.515548,0.11969187,0.0410713,-4.323167565,Juju
0.37585857,1324.480069,1274.543461,2858.142861,0.098013476,0.074523832,-4.327473278,Juju
0.343269839,940.4891963,1048.918756,1977.553423,0.06939465,0.041430472,-7.644060902,Juju
0.386911462,1062.922259,1092.372302,2329.188769,0.14238751,0.049194431,-3.288402109,Juju
0.386516078,1312.963109,1299.247556,2887.672215,0.119322225,0.068419564,-3.354102595,Juju
0.318802661,893.1323606,978.0611935,1841.263057,0.08186693,0.04580665,-5.822997921,Juju
0.369617541,1217.957704,1208.251272,2680.31145,0.11557504,0.065979662,-3.092019608,Juju
0.340230745,987.1029144,1177.566793,2280.903258,0.11227228,0.035776782,-4.042985941,Juju
0.38619435,993.0167861,1076.038373,2206.516541,0.13329802,0.04373708,-3.716402303,Juju
0.338295418,917.9264542,1062.886914,2008.667951,0.07137261,0.038742747,-7.885693757,Juju
0.360782593,863.0279591,1041.044811,1864.952467,0.06728198,0.034744109,-6.951664429,Juju
0.357090634,1433.271031,1282.837856,2956.283024,0.10820189,0.090276183,-3.984885388,Juju
0.333613616,939.3844888,1056.352795,2085.513812,0.13358055,0.039010918,-4.299996213,Juju
0.339198564,954.1126981,1044.911663,2049.473666,0.11897938,0.042950152,-4.812529595,Juju
0.356340687,1229.356896,1237.735819,2726.670009,0.09867857,0.069053114,-3.227428939,Juju
0.367004144,1145.417077,1072.868338,2339.185405,0.109953634,0.066238961,-2.866609465,Juju
0.359398941,936.6094717,1029.602369,2035.018464,0.15963423,0.04210724,-3.543530902,Juju
0.395607295,1307.273188,1180.819405,2709.273004,0.07610591,0.076791094,-4.720911356,Juju
0.371513438,1354.600346,1250.338384,2870.737921,0.07946536,0.075397282,-4.676904297,Juju
0.336976604,952.8601202,1066.755994,2106.662274,0.12445781,0.040198563,-4.310057643,Juju
0.409027976,1167.76355,1151.894444,2555.561574,0.10654123,0.060114874,-3.058813437,Juju
0.338929886,914.1231664,1032.876404,1990.908865,0.1470599,0.036584228,-4.534061512,Juju
0.344634048,932.2063489,1055.43934,2078.48519,0.14494327,0.039189497,-4.586792236,Juju
0.350885483,917.5570372,1042.353842,2041.324431,0.12792931,0.035895067,-4.240515132,Juju
0.377794012,1245.25191,1237.366132,2721.071913,0.10028518,0.066436344,-3.673759494,Juju
0.356384243,1025.944517,1091.329996,2228.926162,0.101619765,0.048386033,-4.792728733,Juju
0.363085876,923.8128058,1038.797746,2030.38486,0.12504272,0.039277285,-3.942781942,Juju
0.374413159,1269.560426,1272.097705,2833.925172,0.10883959,0.065722889,-2.836872177,Juju
0.336602902,1000.301959,1060.263879,2167.72002,0.12959966,0.046004896,-4.710441992,Juju
0.377428169,1425.368416,1232.96984,2891.576209,0.07942912,0.091966662,-4.605795348,Juju
0.337592159,961.7441515,1056.905342,2110.108527,0.12611628,0.044507282,-3.768130413,Juju
0.375613862,1018.054436,1109.192022,2148.036549,0.09199707,0.04534771,-5.843385821,Juju
0.339657173,928.6605008,1034.783564,2042.711372,0.17734663,0.039116105,-2.992117674,Juju
0.337075633,964.6852225,1064.452847,2122.6723,0.13706927,0.040166373,-3.567918886,Juju
0.340011546,906.0643302,1063.280845,1956.742739,0.08229738,0.036631251,-6.282602902,Juju
0.373540448,1326.886732,1190.013599,2708.63989,0.07981161,0.079075431,-4.805774709,Juju
0.322300133,1009.737613,992.1491108,2087.7727,0.12871031,0.057171132,-2.015035923,Juju
0.356197797,1042.053357,1053.413195,2216.202293,0.12912555,0.056481031,-2.554794774,Juju
0.361562754,966.315879,1049.422584,2120.683525,0.13250233,0.042985943,-2.892725443,Juju
0.35077306,922.7780785,976.4976547,1930.087188,0.12600331,0.04845004,-2.235446439,Juju
0.379597954,1099.097297,1150.456534,2458.720707,0.10029098,0.049439797,-4.130326196,Juju
0.332000817,1128.678779,1165.140597,2465.1634,0.08908663,0.055974719,-5.381323315,Juju
0.382958154,1282.479127,1046.432843,2440.20795,0.1105202,0.092253126,-4.549702572,Juju
0.364656794,894.065769,1027.008686,1917.617905,0.14960915,0.037688711,-4.484454341,Juju
0.404006653,1385.224227,1278.284688,2907.166323,0.060134172,0.075287813,-5.661820779,Juju
0.35833145,999.8578948,1022.355425,2094.873047,0.12895395,0.054313262,-3.049644629,Juju
0.359226813,1092.987994,960.208687,2064.880371,0.117480904,0.073689779,-4.84085649,Juju
0.382076295,897.0667088,1022.593084,1938.328891,0.14187022,0.035023254,-3.834995048,Juju
0.368352235,953.7611255,1041.145721,2069.22872,0.15333506,0.041961457,-3.751744281,Juju
0.334458699,888.0226155,1030.63928,1986.185853,0.16422778,0.033132912,-3.481770809,Juju
0.386010936,1140.953659,1147.848782,2426.847682,0.09515507,0.058336216,-3.767110786,Juju
0.340777574,915.9377913,990.8096319,1944.900691,0.12454304,0.044898696,-2.347239951,Juju
0.330668117,847.1593137,950.1723916,1795.27127,0.1266063,0.040720273,-2.836666007,Juju
0.366200736,964.23351,1131.253844,2157.677225,0.086639196,0.036889363,-5.542276435,Juju
0.374669503,1025.315774,1086.281534,2236.976565,0.1102467,0.048317599,-2.765302762,Juju
0.336094553,1038.371505,1071.318215,2240.805171,0.1340771,0.04841997,-4.457250179,Juju
0.346220088,861.9785419,952.0208919,1800.042739,0.13227908,0.042514734,-2.337665767,Juju
0.326914765,1479.970861,1241.517948,2899.611441,0.07497509,0.102447416,-5.449418907,Juju
0.37477037,1234.015874,1185.125774,2607.755767,0.101113535,0.06993478,-3.323557853,Juju
0.384698126,1080.319795,1127.105518,2382.905903,0.09584504,0.04947492,-3.974216149,Juju
0.372499561,956.7449789,1038.659354,2092.435055,0.13662642,0.04443625,-3.241117007,Juju
0.402034756,1276.787079,1272.137924,2811.053565,0.06785825,0.062100497,-5.488205739,Juju
0.387033605,1452.649423,1285.761536,3009.385689,0.06457355,0.085887729,-6.871088166,Juju
0.352125107,1384.198804,1245.681172,2836.436095,0.08413487,0.076590775,-6.874485448,Juju
0.340156385,1243.530846,1275.340889,2830.952228,0.07622969,0.052278493,-7.086468539,Juju
0.386830718,1126.479988,1049.71154,2283.216291,0.12549983,0.068208903,-2.880586935,Juju
0.384324407,1280.084467,1230.943033,2701.407884,0.07499085,0.073070098,-5.795433149,Juju
0.331705037,1308.409101,1256.787984,2858.178276,0.08351725,0.063816204,-7.163460894,Juju
0.345233407,992.6548378,1063.890088,2142.322703,0.13878158,0.044939835,-4.166025338,Juju
0.415401069,1438.342802,1273.136536,2968.669409,0.07149167,0.08498308,-5.207055791,Juju
0.398078892,1535.981786,1295.414352,3081.379801,0.068171516,0.096429528,-6.160737934,Juju
0.392086712,1001.866129,1101.924067,2169.031269,0.078390725,0.046012996,-4.447294123,Juju
0.393011746,1382.367543,1281.742489,2948.691482,0.087508634,0.07135746,-4.370787699,Juju
0.385845428,1213.355964,1145.426998,2513.496911,0.08625463,0.069141533,-4.032903193,Juju
0.410776306,1280.30206,1286.541943,2696.278945,0.060528755,0.065638086,-6.480979802,Juju
0.364655835,1399.107262,1262.028081,2944.611486,0.06623076,0.081699822,-5.087273055,Juju
0.361377491,1145.028064,1161.138284,2511.845643,0.108501926,0.06117888,-3.697652686,Juju
0.351027645,1356.994748,1241.521007,2821.935249,0.08116203,0.079121183,-5.651906878,Juju
0.352998418,1399.517933,1288.482449,2958.293448,0.090198696,0.071998495,-4.980470314,Juju
0.340218571,873.3093739,1022.055231,1931.940375,0.1254776,0.035693887,-4.365307251,Juju
0.380002942,1462.980496,1287.304755,2996.197372,0.06478854,0.084688955,-5.942789852,Juju
0.352162911,1318.104722,1246.68615,2864.651417,0.06872234,0.069808855,-5.330996009,Juju
0.371062355,1181.477585,1180.70092,2600.342426,0.10388407,0.061655596,-4.055892664,Juju
0.377211418,1341.983055,1298.652425,2832.441845,0.062408093,0.072213053,-6.431306005,Juju
0.344953316,967.0082472,1082.69779,2081.807498,0.14042738,0.043620657,-3.076624553,Juju
0.3769136,1250.63621,1226.093292,2730.283992,0.13352644,0.070694078,-1.166803144,Juju
0.396338119,1309.35984,1253.916052,2786.848498,0.122167856,0.076022478,-2.371674869,Juju
0.322939082,1180.378851,1233.870112,2691.071096,0.08910696,0.046599145,-6.848998688,Juju
0.374055391,898.6032474,1011.413351,1943.203738,0.13634239,0.041764942,-2.717534106,Juju
0.358134419,1335.53674,1255.695882,2885.628798,0.1441531,0.077569714,-2.017026794,Juju
0.333168818,1060.335531,1160.958608,2464.967976,0.09576735,0.045671128,-3.924915063,Juju
0.394567508,1333.707276,1257.548758,2850.319884,0.12546635,0.075486759,-1.619664983,Juju
0.366650117,1338.822574,1263.196121,2862.414863,0.08455653,0.06949252,-6.55648451,Juju
0.386093124,1129.596192,1192.880171,2558.765008,0.14510168,0.056029422,-1.420275162,Juju
0.341431544,883.1221653,967.3900289,1862.044391,0.14104024,0.043025324,-2.928759253,Juju
0.324950341,939.9006877,1042.328674,2053.180793,0.14972533,0.044430915,-3.137499874,Juju
0.393035457,1189.956129,1193.025781,2622.163695,0.079323664,0.05905896,-4.751253395,Juju
0.343317063,1336.101771,1284.230514,2839.405526,0.076727,0.058568788,-7.671369633,Juju
0.346887888,995.0752486,1106.6185,2178.690549,0.13468924,0.048598826,-3.364934733,Juju
0.361488594,1534.520291,1310.364439,3022.53783,0.064624846,0.086502182,-8.572772626,Juju
0.374838145,1256.382837,1248.631825,2789.964892,0.093656264,0.064316654,-4.192461039,Juju
0.370560618,1149.765108,1207.186689,2619.983867,0.12073046,0.056934831,-1.588755093,Juju
0.345638956,953.7141,1073.289663,2056.0237,0.13757707,0.04302739,-3.301885718,Juju
0.363710681,1238.437813,1208.437513,2687.494019,0.09537844,0.067975855,-3.44819032,Juju
0.347990755,1170.845309,1278.782659,2585.357827,0.12582126,0.06040082,-6.227197205,Juju
0.337085511,801.0989664,952.2727873,1720.155949,0.15080148,0.034148061,-3.079364801,Juju
0.34931178,1257.529473,1250.602408,2801.552094,0.083809815,0.057786428,-4.985769656,Juju
0.405463072,1274.196134,1249.454481,2806.949261,0.07642778,0.063817128,-4.36650145,Juju
0.284006266,824.6637214,891.666466,1581.573384,0.121384725,0.039786154,-6.211474589,Juju
0.375109579,971.9454313,973.3892357,1928.570727,0.10771874,0.051404364,-3.307931931,Juju
0.365968182,1150.748533,1152.227941,2482.437447,0.07972639,0.055722505,-4.695612423,Juju
0.366715325,973.4670773,1021.313044,2035.17346,0.0988683,0.04855978,-3.096447475,Juju
0.352916631,1031.287405,1124.856097,2267.62038,0.13994257,0.046252576,-3.141725766,Juju
0.363293464,957.7003706,1029.96095,2049.716695,0.1413549,0.047746446,-2.926134022,Juju
0.366113109,1088.011555,1122.220819,2372.476774,0.09354253,0.052825998,-3.772515095,Juju
0.347166883,940.4558715,1102.183791,2150.432311,0.13999936,0.040596356,-3.041766787,Juju
0.360286746,891.6602135,1020.503533,1906.538254,0.13405387,0.041248728,-3.097442772,Juju
0.295458471,1047.402297,951.7303099,1962.798976,0.10159619,0.066194795,-6.933331411,Juju
0.366542955,1093.196913,1116.957808,2364.308069,0.14778467,0.05960519,-2.570223193,Juju
0.363769457,995.3755457,1018.693736,2008.337594,0.0816865,0.050524145,-5.715272352,Juju
0.377179153,968.725392,972.7494878,1922.269204,0.12849799,0.052166114,-2.65116385,Juju
0.343167553,973.0506544,997.4617399,1918.508544,0.08132611,0.050686661,-7.202701622,Juju
0.336052668,1013.031083,1084.005899,2196.828509,0.073952466,0.049457028,-5.224963365,Juju
0.349417695,809.5612309,952.1685805,1714.290534,0.13576329,0.035177349,-3.438556963,Juju
0.360682552,1022.773857,1016.778644,2031.213867,0.08300018,0.051515864,-6.507489842,Juju
0.352106065,998.7404171,1007.962607,2030.972567,0.10980968,0.053205124,-3.155373643,Juju
0.355489421,1128.628433,1120.640292,2417.249314,0.14679511,0.061112702,-2.81069275,Juju
0.363032054,1015.96376,1115.065304,2230.765018,0.07432342,0.042883536,-5.178241289,Juju
0.337177098,999.4065066,1023.105921,1994.244419,0.07753769,0.048794612,-7.623103339,Juju
0.354047672,966.2331316,1047.840263,2012.614866,0.07946151,0.042710697,-6.693005511,Juju
0.324432866,771.3121223,868.714897,1457.299413,0.15193002,0.039110619,-3.023604532,Juju
0.35140685,999.587585,1097.483347,2189.063332,0.13966301,0.046963382,-2.903060095,Juju
0.384980186,786.9960745,884.6329061,1519.160021,0.18929866,0.037453314,0.056851413,Juju
0.331639113,755.8942601,852.6222993,1363.357694,0.15216172,0.038655027,-3.406908003,Juju
0.348819639,984.1060568,893.2330496,1814.449356,0.13546102,0.066196154,-1.665995557,Juju
0.392490988,1128.510894,1147.620552,2484.129927,0.11475296,0.055572777,-3.049913488,Juju
0.354678074,1035.414936,1123.576925,2347.831941,0.13232963,0.046140511,-2.819267836,Juju
0.365340374,1014.160904,1065.939664,2251.272798,0.0920678,0.048619517,-2.712782498,Juju
0.388149401,835.7345542,913.094911,1679.808883,0.16576037,0.042106808,-0.477270353,Juju
0.367270177,1093.260471,1192.61097,2516.154785,0.107689716,0.044896721,-3.677234642,Juju
0.316479407,1014.84144,987.3595856,1968.379571,0.09614402,0.056449257,-6.694360033,Juju
0.381423656,820.5228774,899.8737654,1655.338053,0.16343948,0.040961121,-0.698663946,Juju
0.397600804,1134.511528,1129.938433,2475.796342,0.09464348,0.060908647,-2.483329472,Juju
0.295369049,851.7275511,866.6599644,1548.22442,0.15913963,0.052988559,-2.998926237,Juju
0.372727594,1110.590299,1189.31476,2531.415627,0.09375824,0.048527758,-4.527528532,Juju
0.354067932,758.8254986,900.4905198,1522.084067,0.1685852,0.031807817,-1.002447786,Juju
0.359541358,904.8990011,921.226816,1767.614968,0.17657314,0.052636719,-0.771421812,Juju
0.31632661,759.0827302,834.2411346,1386.177806,0.15062907,0.040020802,-3.367098616,Juju
0.383812698,1217.166511,1228.373735,2713.770863,0.08754492,0.058920011,-3.962650427,Juju
0.360513939,889.9300427,964.6682013,1784.368726,0.10596931,0.044037279,-3.427207553,Juju
0.36435472,1104.443564,1246.191158,2580.188298,0.087657206,0.04502111,-5.410262955,Juju
0.324318505,1051.122245,1004.658736,2002.571441,0.06945887,0.061285825,-7.240876643,Juju
0.36368243,778.687546,867.4562164,1428.223831,0.16758543,0.039685441,-2.316278471,Juju
0.394370945,1194.642469,1170.669532,2617.808806,0.093593866,0.063938041,-3.738454026,Juju
0.264201861,871.8127285,872.0241279,1635.681357,0.16045293,0.053991124,-2.61949011,Juju
0.391434751,1089.650841,1140.032095,2477.508938,0.13357282,0.049855574,-1.935715004,Juju
0.364701805,928.415006,914.0236574,1791.375475,0.16969144,0.053739975,-0.727649756,Juju
0.332793462,906.755427,1011.585266,2010.430546,0.23445652,0.040644098,0.29504725,Juju
0.342729004,944.1101441,1027.606259,2111.371574,0.23531346,0.043417283,-0.835682563,Juju
0.40073562,1423.53829,1220.766771,2882.862278,0.13977544,0.084637651,-1.889036134,Juju
0.341054935,869.1755925,983.7650688,1886.712661,0.2608417,0.039009922,0.577420782,Juju
0.323048556,804.195283,968.8243618,1608.03414,0.07688651,0.036020311,-6.266310474,Juju
0.279608392,1236.583904,1026.636918,2391.555522,0.20626459,0.075364578,-1.29201811,Juju
0.368241732,1215.700564,1249.606621,2757.448138,0.08036873,0.053676599,-4.739392559,Juju
0.312184133,1020.911374,1043.22403,2064.884956,0.0840092,0.051818575,-6.297506787,Juju
0.365795862,782.7750539,913.7339091,1593.473608,0.1737294,0.034371391,-0.824107437,Juju
0.312728215,870.3272265,994.6588842,1923.358469,0.2843414,0.037646789,0.520172355,Juju
0.350439258,923.97026,1023.525335,2067.800575,0.23027588,0.042089691,0.101912499,Juju
0.371686376,1233.410983,1228.710344,2723.875886,0.08201323,0.058686988,-4.967485714,Juju
0.342221637,945.0099318,1055.02026,1993.064824,0.06827214,0.041169896,-7.754451099,Juju
0.320317785,902.1649084,1001.869104,1972.589216,0.24057057,0.041236913,0.45466494,Juju
0.334876794,985.2609918,1018.426042,2104.529014,0.23377845,0.050226296,0.346801441,Juju
0.320943138,899.4997172,980.8053097,1860.260749,0.08188737,0.046240582,-5.762479104,Juju
0.360044056,863.8219154,1041.832684,1866.696841,0.06689255,0.034802507,-7.001814607,Juju
0.352928962,834.7536616,899.5686615,1649.722589,0.18328272,0.042649056,-0.251786462,Juju
0.282862534,1241.219421,1033.361312,2411.503895,0.21687876,0.077119927,-0.872471127,Juju
0.400751501,1234.634952,1221.649991,2701.461823,0.06848104,0.0624981,-5.082687504,Juju
0.326067765,828.1302137,964.2533939,1796.945801,0.26829335,0.036137621,0.777654804,Juju
0.308630032,931.1860577,1015.018242,2031.387102,0.26561832,0.043874003,0.193397001,Juju
0.384228812,1323.513993,1190.792588,2742.086994,0.15057397,0.08034229,-1.462420659,Juju
0.359656121,1124.947574,1127.610701,2471.258554,0.13858292,0.056881004,-4.558863586,Juju
0.38456789,804.9258649,957.0311931,1759.311558,0.28399578,0.036953874,1.563495505,Juju
0.377696545,1079.391003,1038.538141,2231.821944,0.137669,0.060921926,-1.827863229,Juju
0.366399294,797.7459054,960.297184,1756.455628,0.3044057,0.036580977,1.495734535,Juju
0.352498599,1194.685782,1023.260168,2311.783453,0.12933551,0.077851141,-3.055373392,Juju
0.348128442,1205.250424,1025.568691,2335.193576,0.12555496,0.082576282,-3.812750298,Juju
0.306089994,1207.49604,1273.535135,2783.993406,0.069289126,0.045871268,-8.35758503,Juju
0.367190122,1091.413211,1077.124518,2346.685415,0.14219934,0.058801636,-1.372820364,Juju
0.383478039,880.2416009,1004.366093,1988.960519,0.3020044,0.042654564,1.721756729,Juju
0.355841479,1120.389747,1116.33568,2419.335995,0.12439188,0.057111767,-4.447818815,Juju
0.346292529,983.54493,1065.208757,2096.261418,0.11113268,0.045277968,-6.059292149,Juju
0.36476724,1355.572427,1242.932718,2850.550579,0.09007834,0.073095627,-6.219759174,Juju
0.371876598,1391.775108,1157.223383,2714.504949,0.19390075,0.093610544,-0.004381444,Juju
0.351813482,1090.193885,1110.760074,2321.512769,0.12534903,0.070804971,-2.595185105,Juju
0.341530784,1175.566921,1151.398821,2535.600418,0.15135416,0.061699741,-1.400173962,Juju
0.376758726,924.0070013,1005.342871,2024.349303,0.2921994,0.046858736,1.646905263,Juju
0.38057896,1282.818971,1189.199065,2682.378207,0.15333618,0.072530175,-1.242965579,Juju
0.347621096,1094.320582,1121.374224,2396.811794,0.16721354,0.054329478,-3.100348292,Juju
0.361711085,1377.24052,1249.538168,2859.094163,0.08396085,0.075084101,-6.706357351,Juju
0.380506181,1317.116302,1271.11096,2887.860145,0.08565333,0.065575723,-5.443136891,Juju
0.356657362,1033.740157,1085.888655,2231.738996,0.11868028,0.04864154,-5.117437928,Juju
0.351987064,1103.941579,1088.98469,2347.160614,0.13124792,0.059524042,-3.315044036,Juju
0.36425597,913.7438803,1001.038854,2014.376638,0.31288034,0.046070727,1.81250563,Juju
0.354212406,991.9920773,1008.179871,2085.228608,0.13374951,0.051833048,-1.945465729,Juju
0.351405004,1149.42227,1138.777861,2466.407437,0.071146615,0.058497299,-5.678736744,Juju
0.358199028,797.0307014,947.7570377,1737.561316,0.28583923,0.034934542,0.318322433,Juju
0.343297916,1110.283354,1146.3823,2416.637544,0.1437744,0.056588336,-4.480726792,Juju
0.34707017,2061.59879,1218.53757,3300.727675,0.13281631,0.17759535,-1.901083015,Juju
0.40121484,1419.517368,1200.104369,2763.004049,0.10401632,0.082672873,-2.101610462,Juju
0.401798101,1764.775049,1198.427623,3064.095052,0.11988236,0.132351722,-1.887660338,Juju
0.385234097,1471.348377,1201.281491,2862.744649,0.11809529,0.091444604,-1.411547427,Juju
0.333982485,988.9559427,1037.069814,2037.950752,0.070309184,0.049090056,-6.955557066,Juju
0.328364873,1781.896036,1212.009106,3077.630489,0.1779289,0.137032756,-0.916738307,Juju
0.372821341,1804.041866,1173.710474,3079.146031,0.14416514,0.145298905,-2.319856173,Juju
0.333679792,1157.204931,1169.281616,2516.953069,0.12764777,0.059490479,-5.387086284,Juju
0.342957875,1881.391275,1172.80283,3137.01884,0.16255186,0.154037287,-2.363022312,Juju
0.325465449,1644.607301,1197.787079,2942.526735,0.1554875,0.12094258,-1.38242695,Juju
0.347138983,1416.404265,1226.236579,2855.807834,0.13514274,0.079045425,-1.305900932,Juju
0.343811097,986.5327344,1054.189307,2152.068968,0.14551036,0.045388066,-4.047798323,Juju
0.39219785,1525.693415,1190.688927,2867.233162,0.117630094,0.097366722,-1.786454876,Juju
0.338772481,888.4418156,1033.52836,1931.974885,0.12288312,0.036897646,-5.175012922,Juju
0.351381183,1066.761642,1124.761241,2395.635206,0.15552689,0.052801711,-3.238146351,Juju
0.332205948,670.6508717,855.1559252,1363.261154,0.32979846,0.028216375,0.819760735,Juju
0.35061545,1056.694367,1133.230423,2330.178327,0.14291303,0.051514058,-4.300361716,Juju
0.360915341,1084.769304,1107.69975,2337.253167,0.17873788,0.057205026,-2.409349013,Juju
0.395007505,1802.572362,1208.308605,3084.938727,0.10819776,0.139943818,-2.404128466,Juju
0.345513967,931.9505053,1033.509233,1966.019719,0.12372791,0.042800078,-4.595021536,Juju
0.319721773,2036.802819,1195.153367,3264.083015,0.14432943,0.176665506,-2.134927381,Juju
0.377317026,1721.508966,1176.89289,3000.018819,0.1515111,0.126914319,-1.648890589,Juju
0.330013802,1008.251397,1017.094966,2045.363532,0.13435234,0.05078238,-3.771407767,Juju
0.33967548,1058.59113,1139.26614,2310.939704,0.07468187,0.046021261,-6.293086781,Juju
0.316724559,1045.058566,1027.142465,2094.369846,0.11869494,0.053677406,-5.221761268,Juju
0.332101819,1093.138971,1035.228696,2161.195882,0.13922323,0.055858471,-3.691642916,Juju
0.358690638,1167.079024,1159.134156,2513.506738,0.06872369,0.05929727,-6.00997078,Juju
0.356032347,997.1810831,1009.847727,2013.819716,0.12905602,0.047392669,-3.649876895,Juju
0.324278975,938.989491,1002.987064,1945.308232,0.10093298,0.041460276,-4.94937683,Juju
0.319304651,981.7978747,1003.299788,1966.000274,0.09789893,0.046399139,-5.6186217,Juju
0.411936993,1608.355301,1196.842228,2929.859311,0.09103655,0.110792879,-2.166744046,Juju
